nohup: ignoring input
 * Serving Flask app 'app'
 * Debug mode: on
WARNING: This is a development server. Do not use it in a production deployment. Use a production WSGI server instead.
 * Running on http://127.0.0.1:5000
Press CTRL+C to quit
 * Restarting with stat
 * Debugger is active!
 * Debugger PIN: 160-536-345
127.0.0.1 - - [25/Sep/2025 12:40:03] "POST /api/send-email HTTP/1.1" 200 -
=== MCTIME API CALL ===
URL: https://mctime.com/api/v2/auth/times
Headers: {'content-type': 'application/json', 'API_KEY': 'bvtA7WVi52MBmu69bRSEEWYSOggNSRKRXJxQc5bPmBPqBXhS'}
Params: {'userIds': '6b1dfeb5-9f94-4814-bac6-c1e760990669', 'from': '2025-09-01T00:00:00+02:00', 'to': '2025-09-03T23:59:59+02:00'}
=== MCTIME API RESPONSE ===
Status Code: 200
Response Text: {"items":[{"message":"Success","data":{"timeEntries":[{"times":[{"organizationId":"e95a35c4-1faa-4721-a66b-846c2160d2fe","approvalStatus":"not_approved_yet","creationType":"times","organizationName":"Mc Time Data API Bridge","breaks":[{"automatic":null,"from":"2025-09-01T11:00:00+02:00","id":"94a98f34-4643-4531-a6a8-9b1ef8d1e33d","to":"2025-09-01T11:30:00+02:00"}],"comment":null,"from":"2025-09-01T08:00:00+02:00","id":"dbf9382e-74a9-412a-a7d2-783631b5cd59","to":"2025-09-01T14:15:00+02:00","type":"work"},{"organizationId":"e95a35c4-1faa-4721-a66b-846c2160d2fe","approvalStatus":"not_approved_yet","creationType":"times","organizationName":"Mc Time Data API Bridge","breaks":[{"automatic":null,"from":"2025-09-02T11:00:00+02:00","id":"63475385-cc30-47e1-8e08-131919099aec","to":"2025-09-02T11:30:00+02:00"}],"comment":null,"from":"2025-09-02T08:00:00+02:00","id":"1a2e2296-cd92-4c7a-8fa4-50d88a0948da","to":"2025-09-02T14:15:00+02:00","type":"work"},{"organizationId":"e95a35c4-1faa-4721-a66b-846c2160d2fe","approvalStatus":"not_approved_yet","creationType":"times","organizationName":"Mc Time Data API Bridge","breaks":[{"automatic":null,"from":"2025-09-03T11:00:00+02:00","id":"6d1593b3-fdaa-445b-9031-693d3bedb4e6","to":"2025-09-03T11:30:00+02:00"}],"comment":null,"from":"2025-09-03T08:00:00+02:00","id":"78ef7025-a640-4b44-a5a4-779aec5f726f","to":"2025-09-03T14:15:00+02:00","type":"work"}],"userFirstName":"Artiol","userName":" Artiol Pepaj","userId":"6b1dfeb5-9f94-4814-bac6-c1e760990669","userLastName":"Pepaj"}],"page":1,"pageSize":1},"valid":null}],"valid":true}
Parsed JSON: {'items': [{'message': 'Success', 'data': {'timeEntries': [{'times': [{'organizationId': 'e95a35c4-1faa-4721-a66b-846c2160d2fe', 'approvalStatus': 'not_approved_yet', 'creationType': 'times', 'organizationName': 'Mc Time Data API Bridge', 'breaks': [{'automatic': None, 'from': '2025-09-01T11:00:00+02:00', 'id': '94a98f34-4643-4531-a6a8-9b1ef8d1e33d', 'to': '2025-09-01T11:30:00+02:00'}], 'comment': None, 'from': '2025-09-01T08:00:00+02:00', 'id': 'dbf9382e-74a9-412a-a7d2-783631b5cd59', 'to': '2025-09-01T14:15:00+02:00', 'type': 'work'}, {'organizationId': 'e95a35c4-1faa-4721-a66b-846c2160d2fe', 'approvalStatus': 'not_approved_yet', 'creationType': 'times', 'organizationName': 'Mc Time Data API Bridge', 'breaks': [{'automatic': None, 'from': '2025-09-02T11:00:00+02:00', 'id': '63475385-cc30-47e1-8e08-131919099aec', 'to': '2025-09-02T11:30:00+02:00'}], 'comment': None, 'from': '2025-09-02T08:00:00+02:00', 'id': '1a2e2296-cd92-4c7a-8fa4-50d88a0948da', 'to': '2025-09-02T14:15:00+02:00', 'type': 'work'}, {'organizationId': 'e95a35c4-1faa-4721-a66b-846c2160d2fe', 'approvalStatus': 'not_approved_yet', 'creationType': 'times', 'organizationName': 'Mc Time Data API Bridge', 'breaks': [{'automatic': None, 'from': '2025-09-03T11:00:00+02:00', 'id': '6d1593b3-fdaa-445b-9031-693d3bedb4e6', 'to': '2025-09-03T11:30:00+02:00'}], 'comment': None, 'from': '2025-09-03T08:00:00+02:00', 'id': '78ef7025-a640-4b44-a5a4-779aec5f726f', 'to': '2025-09-03T14:15:00+02:00', 'type': 'work'}], 'userFirstName': 'Artiol', 'userName': ' Artiol Pepaj', 'userId': '6b1dfeb5-9f94-4814-bac6-c1e760990669', 'userLastName': 'Pepaj'}], 'page': 1, 'pageSize': 1}, 'valid': None}], 'valid': True}
Got user name from /users endpoint: 'Artiol Pepaj'
Added time record with name: 'Artiol Pepaj'
Added time record with name: 'Artiol Pepaj'
Added time record with name: 'Artiol Pepaj'
Extracted 3 individual time records
First record user name: 'Artiol Pepaj'
Sending email via SMTP with TLS...
=== SENDING REAL EMAIL ===
SMTP Server: email-smtp.eu-west-1.amazonaws.com:587
From: noreply@mctime.com
To: apepaj@student.tgm.ac.at
Subject: Zeiterfassung für Artiol Pepaj (2025-09-01 bis 2025-09-03)
Username: AKIA3O74MZU7UX272LKI
Password: ***
TLS: True
Connecting to SMTP server with TLS...
Enabling TLS encryption...
Connected. Attempting login...
Logged in. Sending email...
✅ Email sent successfully!
=== MCTIME API CALL ===
URL: https://mctime.com/api/v2/auth/times
Headers: {'content-type': 'application/json', 'API_KEY': 'bvtA7WVi52MBmu69bRSEEWYSOggNSRKRXJxQc5bPmBPqBXhS'}
Params: {'userIds': '6b1dfeb5-9f94-4814-bac6-c1e760990669', 'from': '2025-09-01T00:00:00+02:00', 'to': '2025-09-03T23:59:59+02:00'}
=== MCTIME API RESPONSE ===
Status Code: 200
Response Text: {"items":[{"message":"Success","data":{"timeEntries":[{"times":[{"organizationId":"e95a35c4-1faa-4721-a66b-846c2160d2fe","approvalStatus":"not_approved_yet","creationType":"times","organizationName":"Mc Time Data API Bridge","breaks":[{"automatic":null,"from":"2025-09-01T11:00:00+02:00","id":"94a98f34-4643-4531-a6a8-9b1ef8d1e33d","to":"2025-09-01T11:30:00+02:00"}],"comment":null,"from":"2025-09-01T08:00:00+02:00","id":"dbf9382e-74a9-412a-a7d2-783631b5cd59","to":"2025-09-01T14:15:00+02:00","type":"work"},{"organizationId":"e95a35c4-1faa-4721-a66b-846c2160d2fe","approvalStatus":"not_approved_yet","creationType":"times","organizationName":"Mc Time Data API Bridge","breaks":[{"automatic":null,"from":"2025-09-02T11:00:00+02:00","id":"63475385-cc30-47e1-8e08-131919099aec","to":"2025-09-02T11:30:00+02:00"}],"comment":null,"from":"2025-09-02T08:00:00+02:00","id":"1a2e2296-cd92-4c7a-8fa4-50d88a0948da","to":"2025-09-02T14:15:00+02:00","type":"work"},{"organizationId":"e95a35c4-1faa-4721-a66b-846c2160d2fe","approvalStatus":"not_approved_yet","creationType":"times","organizationName":"Mc Time Data API Bridge","breaks":[{"automatic":null,"from":"2025-09-03T11:00:00+02:00","id":"6d1593b3-fdaa-445b-9031-693d3bedb4e6","to":"2025-09-03T11:30:00+02:00"}],"comment":null,"from":"2025-09-03T08:00:00+02:00","id":"78ef7025-a640-4b44-a5a4-779aec5f726f","to":"2025-09-03T14:15:00+02:00","type":"work"}],"userFirstName":"Artiol","userName":" Artiol Pepaj","userId":"6b1dfeb5-9f94-4814-bac6-c1e760990669","userLastName":"Pepaj"}],"page":1,"pageSize":1},"valid":null}],"valid":true}
Parsed JSON: {'items': [{'message': 'Success', 'data': {'timeEntries': [{'times': [{'organizationId': 'e95a35c4-1faa-4721-a66b-846c2160d2fe', 'approvalStatus': 'not_approved_yet', 'creationType': 'times', 'organizationName': 'Mc Time Data API Bridge', 'breaks': [{'automatic': None, 'from': '2025-09-01T11:00:00+02:00', 'id': '94a98f34-4643-4531-a6a8-9b1ef8d1e33d', 'to': '2025-09-01T11:30:00+02:00'}], 'comment': None, 'from': '2025-09-01T08:00:00+02:00', 'id': 'dbf9382e-74a9-412a-a7d2-783631b5cd59', 'to': '2025-09-01T14:15:00+02:00', 'type': 'work'}, {'organizationId': 'e95a35c4-1faa-4721-a66b-846c2160d2fe', 'approvalStatus': 'not_approved_yet', 'creationType': 'times', 'organizationName': 'Mc Time Data API Bridge', 'breaks': [{'automatic': None, 'from': '2025-09-02T11:00:00+02:00', 'id': '63475385-cc30-47e1-8e08-131919099aec', 'to': '2025-09-02T11:30:00+02:00'}], 'comment': None, 'from': '2025-09-02T08:00:00+02:00', 'id': '1a2e2296-cd92-4c7a-8fa4-50d88a0948da', 'to': '2025-09-02T14:15:00+02:00', 'type': 'work'}, {'organizationId': 'e95a35c4-1faa-4721-a66b-846c2160d2fe', 'approvalStatus': 'not_approved_yet', 'creationType': 'times', 'organizationName': 'Mc Time Data API Bridge', 'breaks': [{'automatic': None, 'from': '2025-09-03T11:00:00+02:00', 'id': '6d1593b3-fdaa-445b-9031-693d3bedb4e6', 'to': '2025-09-03T11:30:00+02:00'}], 'comment': None, 'from': '2025-09-03T08:00:00+02:00', 'id': '78ef7025-a640-4b44-a5a4-779aec5f726f', 'to': '2025-09-03T14:15:00+02:00', 'type': 'work'}], 'userFirstName': 'Artiol', 'userName': ' Artiol Pepaj', 'userId': '6b1dfeb5-9f94-4814-bac6-c1e760990669', 'userLastName': 'Pepaj'}], 'page': 1, 'pageSize': 1}, 'valid': None}], 'valid': True}
Got user name from /users endpoint: 'Artiol Pepaj'
Added time record with name: 'Artiol Pepaj'
Added time record with name: 'Artiol Pepaj'
Added time record with name: 'Artiol Pepaj'
127.0.0.1 - - [25/Sep/2025 12:41:03] "POST /api/send-email HTTP/1.1" 200 -
 * Detected change in '/workspaces/TGM-Adapter/frontend/app.py', reloading
Extracted 3 individual time records
First record user name: 'Artiol Pepaj'
Sending email via SMTP with TLS...
=== SENDING REAL EMAIL ===
SMTP Server: email-smtp.eu-west-1.amazonaws.com:587
From: noreply@mctime.com
To: apepaj@student.tgm.ac.at
Subject: Zeiterfassung für Artiol Pepaj (2025-09-01 bis 2025-09-03)
Username: AKIA3O74MZU7UX272LKI
Password: ***
TLS: True
Connecting to SMTP server with TLS...
Enabling TLS encryption...
Connected. Attempting login...
Logged in. Sending email...
✅ Email sent successfully!
 * Restarting with stat
 * Debugger is active!
 * Debugger PIN: 160-536-345
127.0.0.1 - - [25/Sep/2025 12:43:49] "GET / HTTP/1.1" 200 -
127.0.0.1 - - [25/Sep/2025 12:43:50] "GET /static/style.css HTTP/1.1" 304 -
=== BACKEND API CALL ===
Received form_data: {'firma': '', 'mitarbeiter': '62ecceb0-0224-4cb7-bd87-7099f198925e', 'von': '01.09.2025', 'bis': '25.09.2025'}
Processing form request...
=== MCTIME API CALL ===
URL: https://mctime.com/api/v2/auth/times
Headers: {'content-type': 'application/json', 'API_KEY': 'bvtA7WVi52MBmu69bRSEEWYSOggNSRKRXJxQc5bPmBPqBXhS'}
Params: {'userIds': '62ecceb0-0224-4cb7-bd87-7099f198925e', 'from': '2025-09-01T00:00:00+02:00', 'to': '2025-09-25T23:59:59+02:00'}
=== MCTIME API RESPONSE ===
Status Code: 200
Response Text: {"items":[{"message":"Success","data":{"timeEntries":[{"times":[{"organizationId":"20ed1c0a-08ed-4e62-b119-2ed9e7ae68a7","approvalStatus":"not_approved_yet","creationType":"times","organizationName":"DiploTGM","breaks":null,"comment":null,"from":"2025-09-01T08:00:00+02:00","id":"03b760b8-1b9d-4f23-b588-a53c2926083a","to":"2025-09-01T16:50:00+02:00","type":"work"},{"organizationId":"20ed1c0a-08ed-4e62-b119-2ed9e7ae68a7","approvalStatus":"not_approved_yet","creationType":"times","organizationName":"DiploTGM","breaks":null,"comment":null,"from":"2025-09-02T08:00:00+02:00","id":"4a3a924a-0d99-4b0f-ae5e-b78798c3b948","to":"2025-09-02T16:50:00+02:00","type":"work"},{"organizationId":"20ed1c0a-08ed-4e62-b119-2ed9e7ae68a7","approvalStatus":"not_approved_yet","creationType":"times","organizationName":"DiploTGM","breaks":null,"comment":null,"from":"2025-09-03T08:00:00+02:00","id":"87e70f3b-7593-448e-9fb5-af2f96e893ea","to":"2025-09-03T16:50:00+02:00","type":"work"},{"organizationId":"20ed1c0a-08ed-4e62-b119-2ed9e7ae68a7","approvalStatus":"not_approved_yet","creationType":"times","organizationName":"DiploTGM","breaks":null,"comment":null,"from":"2025-09-04T08:00:00+02:00","id":"1a060afa-d641-49f7-8665-e4dfad929051","to":"2025-09-04T16:50:00+02:00","type":"work"},{"organizationId":"20ed1c0a-08ed-4e62-b119-2ed9e7ae68a7","approvalStatus":"not_approved_yet","creationType":"times","organizationName":"DiploTGM","breaks":null,"comment":null,"from":"2025-09-05T08:00:00+02:00","id":"38dff25c-16dc-4236-9805-6f777cfa9673","to":"2025-09-05T16:50:00+02:00","type":"work"},{"organizationId":"20ed1c0a-08ed-4e62-b119-2ed9e7ae68a7","approvalStatus":"not_approved_yet","creationType":"times","organizationName":"DiploTGM","breaks":null,"comment":null,"from":"2025-09-06T08:00:00+02:00","id":"0f15043c-77af-4c44-b886-48ddcadaedfe","to":"2025-09-06T16:50:00+02:00","type":"work"},{"organizationId":"20ed1c0a-08ed-4e62-b119-2ed9e7ae68a7","approvalStatus":"not_approved_yet","creationType":"times","organizationName":"DiploTGM","breaks":null,"comment":null,"from":"2025-09-07T08:00:00+02:00","id":"bbd0078e-ae21-45f5-ac0f-e1e7c2afb4d7","to":"2025-09-07T16:50:00+02:00","type":"work"},{"organizationId":"20ed1c0a-08ed-4e62-b119-2ed9e7ae68a7","approvalStatus":"not_approved_yet","creationType":"times","organizationName":"DiploTGM","breaks":null,"comment":null,"from":"2025-09-08T08:00:00+02:00","id":"fb4cfe10-7a2f-4b9d-966a-3ea8ffa68126","to":"2025-09-08T16:50:00+02:00","type":"work"},{"organizationId":"20ed1c0a-08ed-4e62-b119-2ed9e7ae68a7","approvalStatus":"not_approved_yet","creationType":"times","organizationName":"DiploTGM","breaks":null,"comment":null,"from":"2025-09-09T08:00:00+02:00","id":"7ad420a2-1c12-48d7-8a51-a421fe9f7e75","to":"2025-09-09T16:50:00+02:00","type":"work"},{"organizationId":"20ed1c0a-08ed-4e62-b119-2ed9e7ae68a7","approvalStatus":"not_approved_yet","creationType":"times","organizationName":"DiploTGM","breaks":null,"comment":null,"from":"2025-09-10T08:00:00+02:00","id":"658ed43c-5c22-43c5-a66e-d1734b1ed157","to":"2025-09-10T16:50:00+02:00","type":"work"},{"organizationId":"20ed1c0a-08ed-4e62-b119-2ed9e7ae68a7","approvalStatus":"not_approved_yet","creationType":"times","organizationName":"DiploTGM","breaks":null,"comment":null,"from":"2025-09-11T08:00:00+02:00","id":"4ebc7d74-8255-44e9-b315-e946e1656636","to":"2025-09-11T16:50:00+02:00","type":"work"},{"organizationId":"20ed1c0a-08ed-4e62-b119-2ed9e7ae68a7","approvalStatus":"not_approved_yet","creationType":"times","organizationName":"DiploTGM","breaks":null,"comment":null,"from":"2025-09-12T08:00:00+02:00","id":"a9378fca-ba29-4bd8-b3c3-7a1358bb1dfa","to":"2025-09-12T16:50:00+02:00","type":"work"},{"organizationId":"20ed1c0a-08ed-4e62-b119-2ed9e7ae68a7","approvalStatus":"not_approved_yet","creationType":"times","organizationName":"DiploTGM","breaks":null,"comment":null,"from":"2025-09-13T08:00:00+02:00","id":"db105e4a-2931-48b2-b55d-9c4b4e9eb025","to":"2025-09-13T16:50:00+02:00","type":"work"},{"organizationId":"20ed1c0a-08ed-4e62-b119-2ed9e7ae68a7","approvalStatus":"not_approved_yet","creationType":"times","organizationName":"DiploTGM","breaks":null,"comment":null,"from":"2025-09-14T08:00:00+02:00","id":"5f784719-a78f-4389-80a3-a3131a8dcfd8","to":"2025-09-14T16:50:00+02:00","type":"work"},{"organizationId":"20ed1c0a-08ed-4e62-b119-2ed9e7ae68a7","approvalStatus":"not_approved_yet","creationType":"times","organizationName":"DiploTGM","breaks":null,"comment":null,"from":"2025-09-15T08:00:00+02:00","id":"0d854a11-5e21-4339-83b5-ed18934ec5df","to":"2025-09-15T16:50:00+02:00","type":"work"},{"organizationId":"20ed1c0a-08ed-4e62-b119-2ed9e7ae68a7","approvalStatus":"not_approved_yet","creationType":"times","organizationName":"DiploTGM","breaks":null,"comment":null,"from":"2025-09-16T08:00:00+02:00","id":"ac6875d6-688c-46e9-922f-b2348f678d13","to":"2025-09-16T16:50:00+02:00","type":"work"},{"organizationId":"20ed1c0a-08ed-4e62-b119-2ed9e7ae68a7","approvalStatus":"not_approved_yet","creationType":"times","organizationName":"DiploTGM","breaks":null,"comment":null,"from":"2025-09-17T08:00:00+02:00","id":"72621a43-f24c-4376-aab8-05ffa5faa282","to":"2025-09-17T16:50:00+02:00","type":"work"},{"organizationId":"20ed1c0a-08ed-4e62-b119-2ed9e7ae68a7","approvalStatus":"not_approved_yet","creationType":"times","organizationName":"DiploTGM","breaks":null,"comment":null,"from":"2025-09-18T08:00:00+02:00","id":"bd2b40e4-d4b5-4d0b-9282-55dbff66d94a","to":"2025-09-18T16:50:00+02:00","type":"work"},{"organizationId":"20ed1c0a-08ed-4e62-b119-2ed9e7ae68a7","approvalStatus":"not_approved_yet","creationType":"times","organizationName":"DiploTGM","breaks":null,"comment":null,"from":"2025-09-19T08:00:00+02:00","id":"bbad2379-3d13-4438-ad5c-f4a9852980de","to":"2025-09-19T16:50:00+02:00","type":"work"},{"organizationId":"20ed1c0a-08ed-4e62-b119-2ed9e7ae68a7","approvalStatus":"not_approved_yet","creationType":"times","organizationName":"DiploTGM","breaks":null,"comment":null,"from":"2025-09-20T08:00:00+02:00","id":"230b391f-75e4-4511-a429-acefb05e2509","to":"2025-09-20T16:50:00+02:00","type":"work"},{"organizationId":"20ed1c0a-08ed-4e62-b119-2ed9e7ae68a7","approvalStatus":"not_approved_yet","creationType":"times","organizationName":"DiploTGM","breaks":null,"comment":null,"from":"2025-09-21T08:00:00+02:00","id":"28b87b6a-c40e-4ca5-ae9f-93dcccd20624","to":"2025-09-21T16:50:00+02:00","type":"work"},{"organizationId":"20ed1c0a-08ed-4e62-b119-2ed9e7ae68a7","approvalStatus":"not_approved_yet","creationType":"times","organizationName":"DiploTGM","breaks":null,"comment":null,"from":"2025-09-22T08:00:00+02:00","id":"b299f489-1311-491a-8e3c-83e4e3171f0e","to":"2025-09-22T16:50:00+02:00","type":"work"},{"organizationId":"20ed1c0a-08ed-4e62-b119-2ed9e7ae68a7","approvalStatus":"not_approved_yet","creationType":"times","organizationName":"DiploTGM","breaks":null,"comment":null,"from":"2025-09-23T08:00:00+02:00","id":"b9b452bb-e916-4dd9-a617-ae3970974fad","to":"2025-09-23T16:50:00+02:00","type":"work"},{"organizationId":"20ed1c0a-08ed-4e62-b119-2ed9e7ae68a7","approvalStatus":"not_approved_yet","creationType":"times","organizationName":"DiploTGM","breaks":null,"comment":null,"from":"2025-09-24T08:00:00+02:00","id":"7aa898f5-8ea3-46b7-8fc7-f0524ad6f133","to":"2025-09-24T16:50:00+02:00","type":"work"},{"organizationId":"20ed1c0a-08ed-4e62-b119-2ed9e7ae68a7","approvalStatus":"not_approved_yet","creationType":"times","organizationName":"DiploTGM","breaks":null,"comment":null,"from":"2025-09-25T08:00:00+02:00","id":"9e6df064-cdf6-4865-85d5-a63d261ec686","to":"2025-09-25T16:50:00+02:00","type":"work"}],"userFirstName":"Amin","userName":"Amin Šistek","userId":"62ecceb0-0224-4cb7-bd87-7099f198925e","userLastName":"Šistek"}],"page":1,"pageSize":1},"valid":null}],"valid":true}
Parsed JSON: {'items': [{'message': 'Success', 'data': {'timeEntries': [{'times': [{'organizationId': '20ed1c0a-08ed-4e62-b119-2ed9e7ae68a7', 'approvalStatus': 'not_approved_yet', 'creationType': 'times', 'organizationName': 'DiploTGM', 'breaks': None, 'comment': None, 'from': '2025-09-01T08:00:00+02:00', 'id': '03b760b8-1b9d-4f23-b588-a53c2926083a', 'to': '2025-09-01T16:50:00+02:00', 'type': 'work'}, {'organizationId': '20ed1c0a-08ed-4e62-b119-2ed9e7ae68a7', 'approvalStatus': 'not_approved_yet', 'creationType': 'times', 'organizationName': 'DiploTGM', 'breaks': None, 'comment': None, 'from': '2025-09-02T08:00:00+02:00', 'id': '4a3a924a-0d99-4b0f-ae5e-b78798c3b948', 'to': '2025-09-02T16:50:00+02:00', 'type': 'work'}, {'organizationId': '20ed1c0a-08ed-4e62-b119-2ed9e7ae68a7', 'approvalStatus': 'not_approved_yet', 'creationType': 'times', 'organizationName': 'DiploTGM', 'breaks': None, 'comment': None, 'from': '2025-09-03T08:00:00+02:00', 'id': '87e70f3b-7593-448e-9fb5-af2f96e893ea', 'to': '2025-09-03T16:50:00+02:00', 'type': 'work'}, {'organizationId': '20ed1c0a-08ed-4e62-b119-2ed9e7ae68a7', 'approvalStatus': 'not_approved_yet', 'creationType': 'times', 'organizationName': 'DiploTGM', 'breaks': None, 'comment': None, 'from': '2025-09-04T08:00:00+02:00', 'id': '1a060afa-d641-49f7-8665-e4dfad929051', 'to': '2025-09-04T16:50:00+02:00', 'type': 'work'}, {'organizationId': '20ed1c0a-08ed-4e62-b119-2ed9e7ae68a7', 'approvalStatus': 'not_approved_yet', 'creationType': 'times', 'organizationName': 'DiploTGM', 'breaks': None, 'comment': None, 'from': '2025-09-05T08:00:00+02:00', 'id': '38dff25c-16dc-4236-9805-6f777cfa9673', 'to': '2025-09-05T16:50:00+02:00', 'type': 'work'}, {'organizationId': '20ed1c0a-08ed-4e62-b119-2ed9e7ae68a7', 'approvalStatus': 'not_approved_yet', 'creationType': 'times', 'organizationName': 'DiploTGM', 'breaks': None, 'comment': None, 'from': '2025-09-06T08:00:00+02:00', 'id': '0f15043c-77af-4c44-b886-48ddcadaedfe', 'to': '2025-09-06T16:50:00+02:00', 'type': 'work'}, {'organizationId': '20ed1c0a-08ed-4e62-b119-2ed9e7ae68a7', 'approvalStatus': 'not_approved_yet', 'creationType': 'times', 'organizationName': 'DiploTGM', 'breaks': None, 'comment': None, 'from': '2025-09-07T08:00:00+02:00', 'id': 'bbd0078e-ae21-45f5-ac0f-e1e7c2afb4d7', 'to': '2025-09-07T16:50:00+02:00', 'type': 'work'}, {'organizationId': '20ed1c0a-08ed-4e62-b119-2ed9e7ae68a7', 'approvalStatus': 'not_approved_yet', 'creationType': 'times', 'organizationName': 'DiploTGM', 'breaks': None, 'comment': None, 'from': '2025-09-08T08:00:00+02:00', 'id': 'fb4cfe10-7a2f-4b9d-966a-3ea8ffa68126', 'to': '2025-09-08T16:50:00+02:00', 'type': 'work'}, {'organizationId': '20ed1c0a-08ed-4e62-b119-2ed9e7ae68a7', 'approvalStatus': 'not_approved_yet', 'creationType': 'times', 'organizationName': 'DiploTGM', 'breaks': None, 'comment': None, 'from': '2025-09-09T08:00:00+02:00', 'id': '7ad420a2-1c12-48d7-8a51-a421fe9f7e75', 'to': '2025-09-09T16:50:00+02:00', 'type': 'work'}, {'organizationId': '20ed1c0a-08ed-4e62-b119-2ed9e7ae68a7', 'approvalStatus': 'not_approved_yet', 'creationType': 'times', 'organizationName': 'DiploTGM', 'breaks': None, 'comment': None, 'from': '2025-09-10T08:00:00+02:00', 'id': '658ed43c-5c22-43c5-a66e-d1734b1ed157', 'to': '2025-09-10T16:50:00+02:00', 'type': 'work'}, {'organizationId': '20ed1c0a-08ed-4e62-b119-2ed9e7ae68a7', 'approvalStatus': 'not_approved_yet', 'creationType': 'times', 'organizationName': 'DiploTGM', 'breaks': None, 'comment': None, 'from': '2025-09-11T08:00:00+02:00', 'id': '4ebc7d74-8255-44e9-b315-e946e1656636', 'to': '2025-09-11T16:50:00+02:00', 'type': 'work'}, {'organizationId': '20ed1c0a-08ed-4e62-b119-2ed9e7ae68a7', 'approvalStatus': 'not_approved_yet', 'creationType': 'times', 'organizationName': 'DiploTGM', 'breaks': None, 'comment': None, 'from': '2025-09-12T08:00:00+02:00', 'id': 'a9378fca-ba29-4bd8-b3c3-7a1358bb1dfa', 'to': '2025-09-12T16:50:00+02:00', 'type': 'work'}, {'organizationId': '20ed1c0a-08ed-4e62-b119-2ed9e7ae68a7', 'approvalStatus': 'not_approved_yet', 'creationType': 'times', 'organizationName': 'DiploTGM', 'breaks': None, 'comment': None, 'from': '2025-09-13T08:00:00+02:00', 'id': 'db105e4a-2931-48b2-b55d-9c4b4e9eb025', 'to': '2025-09-13T16:50:00+02:00', 'type': 'work'}, {'organizationId': '20ed1c0a-08ed-4e62-b119-2ed9e7ae68a7', 'approvalStatus': 'not_approved_yet', 'creationType': 'times', 'organizationName': 'DiploTGM', 'breaks': None, 'comment': None, 'from': '2025-09-14T08:00:00+02:00', 'id': '5f784719-a78f-4389-80a3-a3131a8dcfd8', 'to': '2025-09-14T16:50:00+02:00', 'type': 'work'}, {'organizationId': '20ed1c0a-08ed-4e62-b119-2ed9e7ae68a7', 'approvalStatus': 'not_approved_yet', 'creationType': 'times', 'organizationName': 'DiploTGM', 'breaks': None, 'comment': None, 'from': '2025-09-15T08:00:00+02:00', 'id': '0d854a11-5e21-4339-83b5-ed18934ec5df', 'to': '2025-09-15T16:50:00+02:00', 'type': 'work'}, {'organizationId': '20ed1c0a-08ed-4e62-b119-2ed9e7ae68a7', 'approvalStatus': 'not_approved_yet', 'creationType': 'times', 'organizationName': 'DiploTGM', 'breaks': None, 'comment': None, 'from': '2025-09-16T08:00:00+02:00', 'id': 'ac6875d6-688c-46e9-922f-b2348f678d13', 'to': '2025-09-16T16:50:00+02:00', 'type': 'work'}, {'organizationId': '20ed1c0a-08ed-4e62-b119-2ed9e7ae68a7', 'approvalStatus': 'not_approved_yet', 'creationType': 'times', 'organizationName': 'DiploTGM', 'breaks': None, 'comment': None, 'from': '2025-09-17T08:00:00+02:00', 'id': '72621a43-f24c-4376-aab8-05ffa5faa282', 'to': '2025-09-17T16:50:00+02:00', 'type': 'work'}, {'organizationId': '20ed1c0a-08ed-4e62-b119-2ed9e7ae68a7', 'approvalStatus': 'not_approved_yet', 'creationType': 'times', 'organizationName': 'DiploTGM', 'breaks': None, 'comment': None, 'from': '2025-09-18T08:00:00+02:00', 'id': 'bd2b40e4-d4b5-4d0b-9282-55dbff66d94a', 'to': '2025-09-18T16:50:00+02:00', 'type': 'work'}, {'organizationId': '20ed1c0a-08ed-4e62-b119-2ed9e7ae68a7', 'approvalStatus': 'not_approved_yet', 'creationType': 'times', 'organizationName': 'DiploTGM', 'breaks': None, 'comment': None, 'from': '2025-09-19T08:00:00+02:00', 'id': 'bbad2379-3d13-4438-ad5c-f4a9852980de', 'to': '2025-09-19T16:50:00+02:00', 'type': 'work'}, {'organizationId': '20ed1c0a-08ed-4e62-b119-2ed9e7ae68a7', 'approvalStatus': 'not_approved_yet', 'creationType': 'times', 'organizationName': 'DiploTGM', 'breaks': None, 'comment': None, 'from': '2025-09-20T08:00:00+02:00', 'id': '230b391f-75e4-4511-a429-acefb05e2509', 'to': '2025-09-20T16:50:00+02:00', 'type': 'work'}, {'organizationId': '20ed1c0a-08ed-4e62-b119-2ed9e7ae68a7', 'approvalStatus': 'not_approved_yet', 'creationType': 'times', 'organizationName': 'DiploTGM', 'breaks': None, 'comment': None, 'from': '2025-09-21T08:00:00+02:00', 'id': '28b87b6a-c40e-4ca5-ae9f-93dcccd20624', 'to': '2025-09-21T16:50:00+02:00', 'type': 'work'}, {'organizationId': '20ed1c0a-08ed-4e62-b119-2ed9e7ae68a7', 'approvalStatus': 'not_approved_yet', 'creationType': 'times', 'organizationName': 'DiploTGM', 'breaks': None, 'comment': None, 'from': '2025-09-22T08:00:00+02:00', 'id': 'b299f489-1311-491a-8e3c-83e4e3171f0e', 'to': '2025-09-22T16:50:00+02:00', 'type': 'work'}, {'organizationId': '20ed1c0a-08ed-4e62-b119-2ed9e7ae68a7', 'approvalStatus': 'not_approved_yet', 'creationType': 'times', 'organizationName': 'DiploTGM', 'breaks': None, 'comment': None, 'from': '2025-09-23T08:00:00+02:00', 'id': 'b9b452bb-e916-4dd9-a617-ae3970974fad', 'to': '2025-09-23T16:50:00+02:00', 'type': 'work'}, {'organizationId': '20ed1c0a-08ed-4e62-b119-2ed9e7ae68a7', 'approvalStatus': 'not_approved_yet', 'creationType': 'times', 'organizationName': 'DiploTGM', 'breaks': None, 'comment': None, 'from': '2025-09-24T08:00:00+02:00', 'id': '7aa898f5-8ea3-46b7-8fc7-f0524ad6f133', 'to': '2025-09-24T16:50:00+02:00', 'type': 'work'}, {'organizationId': '20ed1c0a-08ed-4e62-b119-2ed9e7ae68a7', 'approvalStatus': 'not_approved_yet', 'creationType': 'times', 'organizationName': 'DiploTGM', 'breaks': None, 'comment': None, 'from': '2025-09-25T08:00:00+02:00', 'id': '9e6df064-cdf6-4865-85d5-a63d261ec686', 'to': '2025-09-25T16:50:00+02:00', 'type': 'work'}], 'userFirstName': 'Amin', 'userName': 'Amin Šistek', 'userId': '62ecceb0-0224-4cb7-bd87-7099f198925e', 'userLastName': 'Šistek'}], 'page': 1, 'pageSize': 1}, 'valid': None}], 'valid': True}
Got user name from /users endpoint: 'Amin Šistek'
Error enhancing time record: 'NoneType' object is not iterable
Added time record with name: 'Amin Šistek'
Error enhancing time record: 'NoneType' object is not iterable
Added time record with name: 'Amin Šistek'
Error enhancing time record: 'NoneType' object is not iterable
Added time record with name: 'Amin Šistek'
Error enhancing time record: 'NoneType' object is not iterable
Added time record with name: 'Amin Šistek'
Error enhancing time record: 'NoneType' object is not iterable
Added time record with name: 'Amin Šistek'
Error enhancing time record: 'NoneType' object is not iterable
Added time record with name: 'Amin Šistek'
Error enhancing time record: 'NoneType' object is not iterable
Added time record with name: 'Amin Šistek'
Error enhancing time record: 'NoneType' object is not iterable
Added time record with name: 'Amin Šistek'
Error enhancing time record: 'NoneType' object is not iterable
Added time record with name: 'Amin Šistek'
Error enhancing time record: 'NoneType' object is not iterable
Added time record with name: 'Amin Šistek'
Error enhancing time record: 'NoneType' object is not iterable
Added time record with name: 'Amin Šistek'
Error enhancing time record: 'NoneType' object is not iterable
Added time record with name: 'Amin Šistek'
Error enhancing time record: 'NoneType' object is not iterable
Added time record with name: 'Amin Šistek'
Error enhancing time record: 'NoneType' object is not iterable
Added time record with name: 'Amin Šistek'
Error enhancing time record: 'NoneType' object is not iterable
Added time record with name: 'Amin Šistek'
Error enhancing time record: 'NoneType' object is not iterable
Added time record with name: 'Amin Šistek'
Error enhancing time record: 'NoneType' object is not iterable
Added time record with name: 'Amin Šistek'
Error enhancing time record: 'NoneType' object is not iterable
Added time record with name: 'Amin Šistek'
Error enhancing time record: 'NoneType' object is not iterable
Added time record with name: 'Amin Šistek'
Error enhancing time record: 'NoneType' object is not iterable
Added time record with name: 'Amin Šistek'
Error enhancing time record: 'NoneType' object is not iterable
Added time record with name: 'Amin Šistek'
Error enhancing time record: 'NoneType' object is not iterable
Added time record with name: 'Amin Šistek'
Error enhancing time record: 'NoneType' object is not iterable
Added time record with name: 'Amin Šistek'
Error enhancing time record: 'NoneType' object is not iterable
Added time record with name: 'Amin Šistek'
Error enhancing time record: 'NoneType' object is not iterable
Added time record with name: 'Amin Šistek'
Extracted 25 individual time records
First record user name: 'Amin Šistek'
Backend result: {'status': 'success', 'data': {'timeEntries': [{'organizationId': '20ed1c0a-08ed-4e62-b119-2ed9e7ae68a7', 'approvalStatus': 'not_approved_yet', 'creationType': 'times', 'organizationName': 'DiploTGM', 'breaks': None, 'comment': None, 'from': '2025-09-01T08:00:00+02:00', 'id': '62ecceb0-0224-4cb7-bd87-7099f198925e', 'to': '2025-09-01T16:50:00+02:00', 'type': 'work', 'name': 'Amin Šistek', 'project': 'DiploTGM', 'total_hours': 0.0, 'break_hours': 0.0, 'actual_work_hours': 0.0, 'breaks_formatted': 'Fehler beim Berechnen', 'date_formatted': 'Unknown Date', 'time_formatted': 'Unknown Time'}, {'organizationId': '20ed1c0a-08ed-4e62-b119-2ed9e7ae68a7', 'approvalStatus': 'not_approved_yet', 'creationType': 'times', 'organizationName': 'DiploTGM', 'breaks': None, 'comment': None, 'from': '2025-09-02T08:00:00+02:00', 'id': '62ecceb0-0224-4cb7-bd87-7099f198925e', 'to': '2025-09-02T16:50:00+02:00', 'type': 'work', 'name': 'Amin Šistek', 'project': 'DiploTGM', 'total_hours': 0.0, 'break_hours': 0.0, 'actual_work_hours': 0.0, 'breaks_formatted': 'Fehler beim Berechnen', 'date_formatted': 'Unknown Date', 'time_formatted': 'Unknown Time'}, {'organizationId': '20ed1c0a-08ed-4e62-b119-2ed9e7ae68a7', 'approvalStatus': 'not_approved_yet', 'creationType': 'times', 'organizationName': 'DiploTGM', 'breaks': None, 'comment': None, 'from': '2025-09-03T08:00:00+02:00', 'id': '62ecceb0-0224-4cb7-bd87-7099f198925e', 'to': '2025-09-03T16:50:00+02:00', 'type': 'work', 'name': 'Amin Šistek', 'project': 'DiploTGM', 'total_hours': 0.0, 'break_hours': 0.0, 'actual_work_hours': 0.0, 'breaks_formatted': 'Fehler beim Berechnen', 'date_formatted': 'Unknown Date', 'time_formatted': 'Unknown Time'}, {'organizationId': '20ed1c0a-08ed-4e62-b119-2ed9e7ae68a7', 'approvalStatus': 'not_approved_yet', 'creationType': 'times', 'organizationName': 'DiploTGM', 'breaks': None, 'comment': None, 'from': '2025-09-04T08:00:00+02:00', 'id': '62ecceb0-0224-4cb7-bd87-7099f198925e', 'to': '2025-09-04T16:50:00+02:00', 'type': 'work', 'name': 'Amin Šistek', 'project': 'DiploTGM', 'total_hours': 0.0, 'break_hours': 0.0, 'actual_work_hours': 0.0, 'breaks_formatted': 'Fehler beim Berechnen', 'date_formatted': 'Unknown Date', 'time_formatted': 'Unknown Time'}, {'organizationId': '20ed1c0a-08ed-4e62-b119-2ed9e7ae68a7', 'approvalStatus': 'not_approved_yet', 'creationType': 'times', 'organizationName': 'DiploTGM', 'breaks': None, 'comment': None, 'from': '2025-09-05T08:00:00+02:00', 'id': '62ecceb0-0224-4cb7-bd87-7099f198925e', 'to': '2025-09-05T16:50:00+02:00', 'type': 'work', 'name': 'Amin Šistek', 'project': 'DiploTGM', 'total_hours': 0.0, 'break_hours': 0.0, 'actual_work_hours': 0.0, 'breaks_formatted': 'Fehler beim Berechnen', 'date_formatted': 'Unknown Date', 'time_formatted': 'Unknown Time'}, {'organizationId': '20ed1c0a-08ed-4e62-b119-2ed9e7ae68a7', 'approvalStatus': 'not_approved_yet', 'creationType': 'times', 'organizationName': 'DiploTGM', 'breaks': None, 'comment': None, 'from': '2025-09-06T08:00:00+02:00', 'id': '62ecceb0-0224-4cb7-bd87-7099f198925e', 'to': '2025-09-06T16:50:00+02:00', 'type': 'work', 'name': 'Amin Šistek', 'project': 'DiploTGM', 'total_hours': 0.0, 'break_hours': 0.0, 'actual_work_hours': 0.0, 'breaks_formatted': 'Fehler beim Berechnen', 'date_formatted': 'Unknown Date', 'time_formatted': 'Unknown Time'}, {'organizationId': '20ed1c0a-08ed-4e62-b119-2ed9e7ae68a7', 'approvalStatus': 'not_approved_yet', 'creationType': 'times', 'organizationName': 'DiploTGM', 'breaks': None, 'comment': None, 'from': '2025-09-07T08:00:00+02:00', 'id': '62ecceb0-0224-4cb7-bd87-7099f198925e', 'to': '2025-09-07T16:50:00+02:00', 'type': 'work', 'name': 'Amin Šistek', 'project': 'DiploTGM', 'total_hours': 0.0, 'break_hours': 0.0, 'actual_work_hours': 0.0, 'breaks_formatted': 'Fehler beim Berechnen', 'date_formatted': 'Unknown Date', 'time_formatted': 'Unknown Time'}, {'organizationId': '20ed1c0a-08ed-4e62-b119-2ed9e7ae68a7', 'approvalStatus': 'not_approved_yet', 'creationType': 'times', 'organizationName': 'DiploTGM', 'breaks': None, 'comment': None, 'from': '2025-09-08T08:00:00+02:00', 'id': '62ecceb0-0224-4cb7-bd87-7099f198925e', 'to': '2025-09-08T16:50:00+02:00', 'type': 'work', 'name': 'Amin Šistek', 'project': 'DiploTGM', 'total_hours': 0.0, 'break_hours': 0.0, 'actual_work_hours': 0.0, 'breaks_formatted': 'Fehler beim Berechnen', 'date_formatted': 'Unknown Date', 'time_formatted': 'Unknown Time'}, {'organizationId': '20ed1c0a-08ed-4e62-b119-2ed9e7ae68a7', 'approvalStatus': 'not_approved_yet', 'creationType': 'times', 'organizationName': 'DiploTGM', 'breaks': None, 'comment': None, 'from': '2025-09-09T08:00:00+02:00', 'id': '62ecceb0-0224-4cb7-bd87-7099f198925e', 'to': '2025-09-09T16:50:00+02:00', 'type': 'work', 'name': 'Amin Šistek', 'project': 'DiploTGM', 'total_hours': 0.0, 'break_hours': 0.0, 'actual_work_hours': 0.0, 'breaks_formatted': 'Fehler beim Berechnen', 'date_formatted': 'Unknown Date', 'time_formatted': 'Unknown Time'}, {'organizationId': '20ed1c0a-08ed-4e62-b119-2ed9e7ae68a7', 'approvalStatus': 'not_approved_yet', 'creationType': 'times', 'organizationName': 'DiploTGM', 'breaks': None, 'comment': None, 'from': '2025-09-10T08:00:00+02:00', 'id': '62ecceb0-0224-4cb7-bd87-7099f198925e', 'to': '2025-09-10T16:50:00+02:00', 'type': 'work', 'name': 'Amin Šistek', 'project': 'DiploTGM', 'total_hours': 0.0, 'break_hours': 0.0, 'actual_work_hours': 0.0, 'breaks_formatted': 'Fehler beim Berechnen', 'date_formatted': 'Unknown Date', 'time_formatted': 'Unknown Time'}, {'organizationId': '20ed1c0a-08ed-4e62-b119-2ed9e7ae68a7', 'approvalStatus': 'not_approved_yet', 'creationType': 'times', 'organizationName': 'DiploTGM', 'breaks': None, 'comment': None, 'from': '2025-09-11T08:00:00+02:00', 'id': '62ecceb0-0224-4cb7-bd87-7099f198925e', 'to': '2025-09-11T16:50:00+02:00', 'type': 'work', 'name': 'Amin Šistek', 'project': 'DiploTGM', 'total_hours': 0.0, 'break_hours': 0.0, 'actual_work_hours': 0.0, 'breaks_formatted': 'Fehler beim Berechnen', 'date_formatted': 'Unknown Date', 'time_formatted': 'Unknown Time'}, {'organizationId': '20ed1c0a-08ed-4e62-b119-2ed9e7ae68a7', 'approvalStatus': 'not_approved_yet', 'creationType': 'times', 'organizationName': 'DiploTGM', 'breaks': None, 'comment': None, 'from': '2025-09-12T08:00:00+02:00', 'id': '62ecceb0-0224-4cb7-bd87-7099f198925e', 'to': '2025-09-12T16:50:00+02:00', 'type': 'work', 'name': 'Amin Šistek', 'project': 'DiploTGM', 'total_hours': 0.0, 'break_hours': 0.0, 'actual_work_hours': 0.0, 'breaks_formatted': 'Fehler beim Berechnen', 'date_formatted': 'Unknown Date', 'time_formatted': 'Unknown Time'}, {'organizationId': '20ed1c0a-08ed-4e62-b119-2ed9e7ae68a7', 'approvalStatus': 'not_approved_yet', 'creationType': 'times', 'organizationName': 'DiploTGM', 'breaks': None, 'comment': None, 'from': '2025-09-13T08:00:00+02:00', 'id': '62ecceb0-0224-4cb7-bd87-7099f198925e', 'to': '2025-09-13T16:50:00+02:00', 'type': 'work', 'name': 'Amin Šistek', 'project': 'DiploTGM', 'total_hours': 0.0, 'break_hours': 0.0, 'actual_work_hours': 0.0, 'breaks_formatted': 'Fehler beim Berechnen', 'date_formatted': 'Unknown Date', 'time_formatted': 'Unknown Time'}, {'organizationId': '20ed1c0a-08ed-4e62-b119-2ed9e7ae68a7', 'approvalStatus': 'not_approved_yet', 'creationType': 'times', 'organizationName': 'DiploTGM', 'breaks': None, 'comment': None, 'from': '2025-09-14T08:00:00+02:00', 'id': '62ecceb0-0224-4cb7-bd87-7099f198925e', 'to': '2025-09-14T16:50:00+02:00', 'type': 'work', 'name': 'Amin Šistek', 'project': 'DiploTGM', 'total_hours': 0.0, 'break_hours': 0.0, 'actual_work_hours': 0.0, 'breaks_formatted': 'Fehler beim Berechnen', 'date_formatted': 'Unknown Date', 'time_formatted': 'Unknown Time'}, {'organizationId': '20ed1c0a-08ed-4e62-b119-2ed9e7ae68a7', 'approvalStatus': 'not_approved_yet', 'creationType': 'times', 'organizationName': 'DiploTGM', 'breaks': None, 'comment': None, 'from': '2025-09-15T08:00:00+02:00', 'id': '62ecceb0-0224-4cb7-bd87-7099f198925e', 'to': '2025-09-15T16:50:00+02:00', 'type': 'work', 'name': 'Amin Šistek', 'project': 'DiploTGM', 'total_hours': 0.0, 'break_hours': 0.0, 'actual_work_hours': 0.0, 'breaks_formatted': 'Fehler beim Berechnen', 'date_formatted': 'Unknown Date', 'time_formatted': 'Unknown Time'}, {'organizationId': '20ed1c0a-08ed-4e62-b119-2ed9e7ae68a7', 'approvalStatus': 'not_approved_yet', 'creationType': 'times', 'organizationName': 'DiploTGM', 'breaks': None, 'comment': None, 'from': '2025-09-16T08:00:00+02:00', 'id': '62ecceb0-0224-4cb7-bd87-7099f198925e', 'to': '2025-09-16T16:50:00+02:00', 'type': 'work', 'name': 'Amin Šistek', 'project': 'DiploTGM', 'total_hours': 0.0, 'break_hours': 0.0, 'actual_work_hours': 0.0, 'breaks_formatted': 'Fehler beim Berechnen', 'date_formatted': 'Unknown Date', 'time_formatted': 'Unknown Time'}, {'organizationId': '20ed1c0a-08ed-4e62-b119-2ed9e7ae68a7', 'approvalStatus': 'not_approved_yet', 'creationType': 'times', 'organizationName': 'DiploTGM', 'breaks': None, 'comment': None, 'from': '2025-09-17T08:00:00+02:00', 'id': '62ecceb0-0224-4cb7-bd87-7099f198925e', 'to': '2025-09-17T16:50:00+02:00', 'type': 'work', 'name': 'Amin Šistek', 'project': 'DiploTGM', 'total_hours': 0.0, 'break_hours': 0.0, 'actual_work_hours': 0.0, 'breaks_formatted': 'Fehler beim Berechnen', 'date_formatted': 'Unknown Date', 'time_formatted': 'Unknown Time'}, {'organizationId': '20ed1c0a-08ed-4e62-b119-2ed9e7ae68a7', 'approvalStatus': 'not_approved_yet', 'creationType': 'times', 'organizationName': 'DiploTGM', 'breaks': None, 'comment': None, 'from': '2025-09-18T08:00:00+02:00', 'id': '62ecceb0-0224-4cb7-bd87-7099f198925e', 'to': '2025-09-18T16:50:00+02:00', 'type': 'work', 'name': 'Amin Šistek', 'project': 'DiploTGM', 'total_hours': 0.0, 'break_hours': 0.0, 'actual_work_hours': 0.0, 'breaks_formatted': 'Fehler beim Berechnen', 'date_formatted': 'Unknown Date', 'time_formatted': 'Unknown Time'}, {'organizationId': '20ed1c0a-08ed-4e62-b119-2ed9e7ae68a7', 'approvalStatus': 'not_approved_yet', 'creationType': 'times', 'organizationName': 'DiploTGM', 'breaks': None, 'comment': None, 'from': '2025-09-19T08:00:00+02:00', 'id': '62ecceb0-0224-4cb7-bd87-7099f198925e', 'to': '2025-09-19T16:50:00+02:00', 'type': 'work', 'name': 'Amin Šistek', 'project': 'DiploTGM', 'total_hours': 0.0, 'break_hours': 0.0, 'actual_work_hours': 0.0, 'breaks_formatted': 'Fehler beim Berechnen', 'date_formatted': 'Unknown Date', 'time_formatted': 'Unknown Time'}, {'organizationId': '20ed1c0a-08ed-4e62-b119-2ed9e7ae68a7', 'approvalStatus': 'not_approved_yet', 'creationType': 'times', 'organizationName': 'DiploTGM', 'breaks': None, 'comment': None, 'from': '2025-09-20T08:00:00+02:00', 'id': '62ecceb0-0224-4cb7-bd87-7099f198925e', 'to': '2025-09-20T16:50:00+02:00', 'type': 'work', 'name': 'Amin Šistek', 'project': 'DiploTGM', 'total_hours': 0.0, 'break_hours': 0.0, 'actual_work_hours': 0.0, 'breaks_formatted': 'Fehler beim Berechnen', 'date_formatted': 'Unknown Date', 'time_formatted': 'Unknown Time'}, {'organizationId': '20ed1c0a-08ed-4e62-b119-2ed9e7ae68a7', 'approvalStatus': 'not_approved_yet', 'creationType': 'times', 'organizationName': 'DiploTGM', 'breaks': None, 'comment': None, 'from': '2025-09-21T08:00:00+02:00', 'id': '62ecceb0-0224-4cb7-bd87-7099f198925e', 'to': '2025-09-21T16:50:00+02:00', 'type': 'work', 'name': 'Amin Šistek', 'project': 'DiploTGM', 'total_hours': 0.0, 'break_hours': 0.0, 'actual_work_hours': 0.0, 'breaks_formatted': 'Fehler beim Berechnen', 'date_formatted': 'Unknown Date', 'time_formatted': 'Unknown Time'}, {'organizationId': '20ed1c0a-08ed-4e62-b119-2ed9e7ae68a7', 'approvalStatus': 'not_approved_yet', 'creationType': 'times', 'organizationName': 'DiploTGM', 'breaks': None, 'comment': None, 'from': '2025-09-22T08:00:00+02:00', 'id': '62ecceb0-0224-4cb7-bd87-7099f198925e', 'to': '2025-09-22T16:50:00+02:00', 'type': 'work', 'name': 'Amin Šistek', 'project': 'DiploTGM', 'total_hours': 0.0, 'break_hours': 0.0, 'actual_work_hours': 0.0, 'breaks_formatted': 'Fehler beim Berechnen', 'date_formatted': 'Unknown Date', 'time_formatted': 'Unknown Time'}, {'organizationId': '20ed1c0a-08ed-4e62-b119-2ed9e7ae68a7', 'approvalStatus': 'not_approved_yet', 'creationType': 'times', 'organizationName': 'DiploTGM', 'breaks': None, 'comment': None, 'from': '2025-09-23T08:00:00+02:00', 'id': '62ecceb0-0224-4cb7-bd87-7099f198925e', 'to': '2025-09-23T16:50:00+02:00', 'type': 'work', 'name': 'Amin Šistek', 'project': 'DiploTGM', 'total_hours': 0.0, 'break_hours': 0.0, 'actual_work_hours': 0.0, 'breaks_formatted': 'Fehler beim Berechnen', 'date_formatted': 'Unknown Date', 'time_formatted': 'Unknown Time'}, {'organizationId': '20ed1c0a-08ed-4e62-b119-2ed9e7ae68a7', 'approvalStatus': 'not_approved_yet', 'creationType': 'times', 'organizationName': 'DiploTGM', 'breaks': None, 'comment': None, 'from': '2025-09-24T08:00:00+02:00', 'id': '62ecceb0-0224-4cb7-bd87-7099f198925e', 'to': '2025-09-24T16:50:00+02:00', 'type': 'work', 'name': 'Amin Šistek', 'project': 'DiploTGM', 'total_hours': 0.0, 'break_hours': 0.0, 'actual_work_hours': 0.0, 'breaks_formatted': 'Fehler beim Berechnen', 'date_formatted': 'Unknown Date', 'time_formatted': 'Unknown Time'}, {'organizationId': '20ed1c0a-08ed-4e62-b119-2ed9e7ae68a7', 'approvalStatus': 'not_approved_yet', 'creationType': 'times', 'organizationName': 'DiploTGM', 'breaks': None, 'comment': None, 'from': '2025-09-25T08:00:00+02:00', 'id': '62ecceb0-0224-4cb7-bd87-7099f198925e', 'to': '2025-09-25T16:50:00+02:00', 'type': 'work', 'name': 'Amin Šistek', 'project': 'DiploTGM', 'total_hours': 0.0, 'break_hours': 0.0, 'actual_work_hours': 0.0, 'breaks_formatted': 'Fehler beim Berechnen', 'date_formatted': 'Unknown Date', 'time_formatted': 'Unknown Time'}], 'employee_id': '62ecceb0-0224-4cb7-bd87-7099f198925e', 'organization_id': '', 'date_range': {'from': '2025-09-01', 'to': '2025-09-25'}}}127.0.0.1 - - [25/Sep/2025 12:44:36] "POST /api/load-data HTTP/1.1" 200 -
127.0.0.1 - - [25/Sep/2025 12:44:46] "POST /api/load-data HTTP/1.1" 200 -

Success! Returning 25 time entries
=== BACKEND API CALL ===
Received form_data: {'firma': '', 'mitarbeiter': '4f7300c3-da07-4553-9ba9-c0b5859cf1dd', 'von': '01.09.2025', 'bis': '25.09.2025'}
Processing form request...
=== MCTIME API CALL ===
URL: https://mctime.com/api/v2/auth/times
Headers: {'content-type': 'application/json', 'API_KEY': 'bvtA7WVi52MBmu69bRSEEWYSOggNSRKRXJxQc5bPmBPqBXhS'}
Params: {'userIds': '4f7300c3-da07-4553-9ba9-c0b5859cf1dd', 'from': '2025-09-01T00:00:00+02:00', 'to': '2025-09-25T23:59:59+02:00'}
=== MCTIME API RESPONSE ===
Status Code: 200
Response Text: {"items":[{"message":"Success","data":{"timeEntries":[{"times":[],"userFirstName":"Dominik","userName":"Dominik Stojanovic","userId":"4f7300c3-da07-4553-9ba9-c0b5859cf1dd","userLastName":"Stojanovic"}],"page":1,"pageSize":1},"valid":null}],"valid":true}
Parsed JSON: {'items': [{'message': 'Success', 'data': {'timeEntries': [{'times': [], 'userFirstName': 'Dominik', 'userName': 'Dominik Stojanovic', 'userId': '4f7300c3-da07-4553-9ba9-c0b5859cf1dd', 'userLastName': 'Stojanovic'}], 'page': 1, 'pageSize': 1}, 'valid': None}], 'valid': True}
Got user name from /users endpoint: 'Dominik Stojanovic'
Extracted 0 individual time records
Backend result: {'status': 'success', 'data': {'timeEntries': [], 'employee_id': '4f7300c3-da07-4553-9ba9-c0b5859cf1dd', 'organization_id': '', 'date_range': {'from': '2025-09-01', 'to': '2025-09-25'}}}
Success! Returning 0 time entries
=== BACKEND API CALL ===
Received form_data: {'firma': '20ed1c0a-08ed-4e62-b119-2ed9e7ae68a7', 'mitarbeiter': '62ecceb0-0224-4cb7-bd87-7099f198925e', 'von': '01.09.2025', 'bis': '25.09.2025'}
Processing form request...
=== MCTIME API CALL ===
URL: https://mctime.com/api/v2/auth/times
Headers: {'content-type': 'application/json', 'API_KEY': 'bvtA7WVi52MBmu69bRSEEWYSOggNSRKRXJxQc5bPmBPqBXhS'}
Params: {'userIds': '62ecceb0-0224-4cb7-bd87-7099f198925e', 'from': '2025-09-01T00:00:00+02:00', 'to': '2025-09-25T23:59:59+02:00', 'organizationId': '20ed1c0a-08ed-4e62-b119-2ed9e7ae68a7'}
=== MCTIME API RESPONSE ===
Status Code: 200
Response Text: {"items":[{"message":"Success","data":{"timeEntries":[{"times":[{"organizationId":"20ed1c0a-08ed-4e62-b119-2ed9e7ae68a7","approvalStatus":"not_approved_yet","creationType":"times","organizationName":"DiploTGM","breaks":null,"comment":null,"from":"2025-09-01T08:00:00+02:00","id":"03b760b8-1b9d-4f23-b588-a53c2926083a","to":"2025-09-01T16:50:00+02:00","type":"work"},{"organizationId":"20ed1c0a-08ed-4e62-b119-2ed9e7ae68a7","approvalStatus":"not_approved_yet","creationType":"times","organizationName":"DiploTGM","breaks":null,"comment":null,"from":"2025-09-02T08:00:00+02:00","id":"4a3a924a-0d99-4b0f-ae5e-b78798c3b948","to":"2025-09-02T16:50:00+02:00","type":"work"},{"organizationId":"20ed1c0a-08ed-4e62-b119-2ed9e7ae68a7","approvalStatus":"not_approved_yet","creationType":"times","organizationName":"DiploTGM","breaks":null,"comment":null,"from":"2025-09-03T08:00:00+02:00","id":"87e70f3b-7593-448e-9fb5-af2f96e893ea","to":"2025-09-03T16:50:00+02:00","type":"work"},{"organizationId":"20ed1c0a-08ed-4e62-b119-2ed9e7ae68a7","approvalStatus":"not_approved_yet","creationType":"times","organizationName":"DiploTGM","breaks":null,"comment":null,"from":"2025-09-04T08:00:00+02:00","id":"1a060afa-d641-49f7-8665-e4dfad929051","to":"2025-09-04T16:50:00+02:00","type":"work"},{"organizationId":"20ed1c0a-08ed-4e62-b119-2ed9e7ae68a7","approvalStatus":"not_approved_yet","creationType":"times","organizationName":"DiploTGM","breaks":null,"comment":null,"from":"2025-09-05T08:00:00+02:00","id":"38dff25c-16dc-4236-9805-6f777cfa9673","to":"2025-09-05T16:50:00+02:00","type":"work"},{"organizationId":"20ed1c0a-08ed-4e62-b119-2ed9e7ae68a7","approvalStatus":"not_approved_yet","creationType":"times","organizationName":"DiploTGM","breaks":null,"comment":null,"from":"2025-09-06T08:00:00+02:00","id":"0f15043c-77af-4c44-b886-48ddcadaedfe","to":"2025-09-06T16:50:00+02:00","type":"work"},{"organizationId":"20ed1c0a-08ed-4e62-b119-2ed9e7ae68a7","approvalStatus":"not_approved_yet","creationType":"times","organizationName":"DiploTGM","breaks":null,"comment":null,"from":"2025-09-07T08:00:00+02:00","id":"bbd0078e-ae21-45f5-ac0f-e1e7c2afb4d7","to":"2025-09-07T16:50:00+02:00","type":"work"},{"organizationId":"20ed1c0a-08ed-4e62-b119-2ed9e7ae68a7","approvalStatus":"not_approved_yet","creationType":"times","organizationName":"DiploTGM","breaks":null,"comment":null,"from":"2025-09-08T08:00:00+02:00","id":"fb4cfe10-7a2f-4b9d-966a-3ea8ffa68126","to":"2025-09-08T16:50:00+02:00","type":"work"},{"organizationId":"20ed1c0a-08ed-4e62-b119-2ed9e7ae68a7","approvalStatus":"not_approved_yet","creationType":"times","organizationName":"DiploTGM","breaks":null,"comment":null,"from":"2025-09-09T08:00:00+02:00","id":"7ad420a2-1c12-48d7-8a51-a421fe9f7e75","to":"2025-09-09T16:50:00+02:00","type":"work"},{"organizationId":"20ed1c0a-08ed-4e62-b119-2ed9e7ae68a7","approvalStatus":"not_approved_yet","creationType":"times","organizationName":"DiploTGM","breaks":null,"comment":null,"from":"2025-09-10T08:00:00+02:00","id":"658ed43c-5c22-43c5-a66e-d1734b1ed157","to":"2025-09-10T16:50:00+02:00","type":"work"},{"organizationId":"20ed1c0a-08ed-4e62-b119-2ed9e7ae68a7","approvalStatus":"not_approved_yet","creationType":"times","organizationName":"DiploTGM","breaks":null,"comment":null,"from":"2025-09-11T08:00:00+02:00","id":"4ebc7d74-8255-44e9-b315-e946e1656636","to":"2025-09-11T16:50:00+02:00","type":"work"},{"organizationId":"20ed1c0a-08ed-4e62-b119-2ed9e7ae68a7","approvalStatus":"not_approved_yet","creationType":"times","organizationName":"DiploTGM","breaks":null,"comment":null,"from":"2025-09-12T08:00:00+02:00","id":"a9378fca-ba29-4bd8-b3c3-7a1358bb1dfa","to":"2025-09-12T16:50:00+02:00","type":"work"},{"organizationId":"20ed1c0a-08ed-4e62-b119-2ed9e7ae68a7","approvalStatus":"not_approved_yet","creationType":"times","organizationName":"DiploTGM","breaks":null,"comment":null,"from":"2025-09-13T08:00:00+02:00","id":"db105e4a-2931-48b2-b55d-9c4b4e9eb025","to":"2025-09-13T16:50:00+02:00","type":"work"},{"organizationId":"20ed1c0a-08ed-4e62-b119-2ed9e7ae68a7","approvalStatus":"not_approved_yet","creationType":"times","organizationName":"DiploTGM","breaks":null,"comment":null,"from":"2025-09-14T08:00:00+02:00","id":"5f784719-a78f-4389-80a3-a3131a8dcfd8","to":"2025-09-14T16:50:00+02:00","type":"work"},{"organizationId":"20ed1c0a-08ed-4e62-b119-2ed9e7ae68a7","approvalStatus":"not_approved_yet","creationType":"times","organizationName":"DiploTGM","breaks":null,"comment":null,"from":"2025-09-15T08:00:00+02:00","id":"0d854a11-5e21-4339-83b5-ed18934ec5df","to":"2025-09-15T16:50:00+02:00","type":"work"},{"organizationId":"20ed1c0a-08ed-4e62-b119-2ed9e7ae68a7","approvalStatus":"not_approved_yet","creationType":"times","organizationName":"DiploTGM","breaks":null,"comment":null,"from":"2025-09-16T08:00:00+02:00","id":"ac6875d6-688c-46e9-922f-b2348f678d13","to":"2025-09-16T16:50:00+02:00","type":"work"},{"organizationId":"20ed1c0a-08ed-4e62-b119-2ed9e7ae68a7","approvalStatus":"not_approved_yet","creationType":"times","organizationName":"DiploTGM","breaks":null,"comment":null,"from":"2025-09-17T08:00:00+02:00","id":"72621a43-f24c-4376-aab8-05ffa5faa282","to":"2025-09-17T16:50:00+02:00","type":"work"},{"organizationId":"20ed1c0a-08ed-4e62-b119-2ed9e7ae68a7","approvalStatus":"not_approved_yet","creationType":"times","organizationName":"DiploTGM","breaks":null,"comment":null,"from":"2025-09-18T08:00:00+02:00","id":"bd2b40e4-d4b5-4d0b-9282-55dbff66d94a","to":"2025-09-18T16:50:00+02:00","type":"work"},{"organizationId":"20ed1c0a-08ed-4e62-b119-2ed9e7ae68a7","approvalStatus":"not_approved_yet","creationType":"times","organizationName":"DiploTGM","breaks":null,"comment":null,"from":"2025-09-19T08:00:00+02:00","id":"bbad2379-3d13-4438-ad5c-f4a9852980de","to":"2025-09-19T16:50:00+02:00","type":"work"},{"organizationId":"20ed1c0a-08ed-4e62-b119-2ed9e7ae68a7","approvalStatus":"not_approved_yet","creationType":"times","organizationName":"DiploTGM","breaks":null,"comment":null,"from":"2025-09-20T08:00:00+02:00","id":"230b391f-75e4-4511-a429-acefb05e2509","to":"2025-09-20T16:50:00+02:00","type":"work"},{"organizationId":"20ed1c0a-08ed-4e62-b119-2ed9e7ae68a7","approvalStatus":"not_approved_yet","creationType":"times","organizationName":"DiploTGM","breaks":null,"comment":null,"from":"2025-09-21T08:00:00+02:00","id":"28b87b6a-c40e-4ca5-ae9f-93dcccd20624","to":"2025-09-21T16:50:00+02:00","type":"work"},{"organizationId":"20ed1c0a-08ed-4e62-b119-2ed9e7ae68a7","approvalStatus":"not_approved_yet","creationType":"times","organizationName":"DiploTGM","breaks":null,"comment":null,"from":"2025-09-22T08:00:00+02:00","id":"b299f489-1311-491a-8e3c-83e4e3171f0e","to":"2025-09-22T16:50:00+02:00","type":"work"},{"organizationId":"20ed1c0a-08ed-4e62-b119-2ed9e7ae68a7","approvalStatus":"not_approved_yet","creationType":"times","organizationName":"DiploTGM","breaks":null,"comment":null,"from":"2025-09-23T08:00:00+02:00","id":"b9b452bb-e916-4dd9-a617-ae3970974fad","to":"2025-09-23T16:50:00+02:00","type":"work"},{"organizationId":"20ed1c0a-08ed-4e62-b119-2ed9e7ae68a7","approvalStatus":"not_approved_yet","creationType":"times","organizationName":"DiploTGM","breaks":null,"comment":null,"from":"2025-09-24T08:00:00+02:00","id":"7aa898f5-8ea3-46b7-8fc7-f0524ad6f133","to":"2025-09-24T16:50:00+02:00","type":"work"},{"organizationId":"20ed1c0a-08ed-4e62-b119-2ed9e7ae68a7","approvalStatus":"not_approved_yet","creationType":"times","organizationName":"DiploTGM","breaks":null,"comment":null,"from":"2025-09-25T08:00:00+02:00","id":"9e6df064-cdf6-4865-85d5-a63d261ec686","to":"2025-09-25T16:50:00+02:00","type":"work"}],"userFirstName":"Amin","userName":"Amin Šistek","userId":"62ecceb0-0224-4cb7-bd87-7099f198925e","userLastName":"Šistek"}],"page":1,"pageSize":1},"valid":null}],"valid":true}
Parsed JSON: {'items': [{'message': 'Success', 'data': {'timeEntries': [{'times': [{'organizationId': '20ed1c0a-08ed-4e62-b119-2ed9e7ae68a7', 'approvalStatus': 'not_approved_yet', 'creationType': 'times', 'organizationName': 'DiploTGM', 'breaks': None, 'comment': None, 'from': '2025-09-01T08:00:00+02:00', 'id': '03b760b8-1b9d-4f23-b588-a53c2926083a', 'to': '2025-09-01T16:50:00+02:00', 'type': 'work'}, {'organizationId': '20ed1c0a-08ed-4e62-b119-2ed9e7ae68a7', 'approvalStatus': 'not_approved_yet', 'creationType': 'times', 'organizationName': 'DiploTGM', 'breaks': None, 'comment': None, 'from': '2025-09-02T08:00:00+02:00', 'id': '4a3a924a-0d99-4b0f-ae5e-b78798c3b948', 'to': '2025-09-02T16:50:00+02:00', 'type': 'work'}, {'organizationId': '20ed1c0a-08ed-4e62-b119-2ed9e7ae68a7', 'approvalStatus': 'not_approved_yet', 'creationType': 'times', 'organizationName': 'DiploTGM', 'breaks': None, 'comment': None, 'from': '2025-09-03T08:00:00+02:00', 'id': '87e70f3b-7593-448e-9fb5-af2f96e893ea', 'to': '2025-09-03T16:50:00+02:00', 'type': 'work'}, {'organizationId': '20ed1c0a-08ed-4e62-b119-2ed9e7ae68a7', 'approvalStatus': 'not_approved_yet', 'creationType': 'times', 'organizationName': 'DiploTGM', 'breaks': None, 'comment': None, 'from': '2025-09-04T08:00:00+02:00', 'id': '1a060afa-d641-49f7-8665-e4dfad929051', 'to': '2025-09-04T16:50:00+02:00', 'type': 'work'}, {'organizationId': '20ed1c0a-08ed-4e62-b119-2ed9e7ae68a7', 'approvalStatus': 'not_approved_yet', 'creationType': 'times', 'organizationName': 'DiploTGM', 'breaks': None, 'comment': None, 'from': '2025-09-05T08:00:00+02:00', 'id': '38dff25c-16dc-4236-9805-6f777cfa9673', 'to': '2025-09-05T16:50:00+02:00', 'type': 'work'}, {'organizationId': '20ed1c0a-08ed-4e62-b119-2ed9e7ae68a7', 'approvalStatus': 'not_approved_yet', 'creationType': 'times', 'organizationName': 'DiploTGM', 'breaks': None, 'comment': None, 'from': '2025-09-06T08:00:00+02:00', 'id': '0f15043c-77af-4c44-b886-48ddcadaedfe', 'to': '2025-09-06T16:50:00+02:00', 'type': 'work'}, {'organizationId': '20ed1c0a-08ed-4e62-b119-2ed9e7ae68a7', 'approvalStatus': 'not_approved_yet', 'creationType': 'times', 'organizationName': 'DiploTGM', 'breaks': None, 'comment': None, 'from': '2025-09-07T08:00:00+02:00', 'id': 'bbd0078e-ae21-45f5-ac0f-e1e7c2afb4d7', 'to': '2025-09-07T16:50:00+02:00', 'type': 'work'}, {'organizationId': '20ed1c0a-08ed-4e62-b119-2ed9e7ae68a7', 'approvalStatus': 'not_approved_yet', 'creationType': 'times', 'organizationName': 'DiploTGM', 'breaks': None, 'comment': None, 'from': '2025-09-08T08:00:00+02:00', 'id': 'fb4cfe10-7a2f-4b9d-966a-3ea8ffa68126', 'to': '2025-09-08T16:50:00+02:00', 'type': 'work'}, {'organizationId': '20ed1c0a-08ed-4e62-b119-2ed9e7ae68a7', 'approvalStatus': 'not_approved_yet', 'creationType': 'times', 'organizationName': 'DiploTGM', 'breaks': None, 'comment': None, 'from': '2025-09-09T08:00:00+02:00', 'id': '7ad420a2-1c12-48d7-8a51-a421fe9f7e75', 'to': '2025-09-09T16:50:00+02:00', 'type': 'work'}, {'organizationId': '20ed1c0a-08ed-4e62-b119-2ed9e7ae68a7', 'approvalStatus': 'not_approved_yet', 'creationType': 'times', 'organizationName': 'DiploTGM', 'breaks': None, 'comment': None, 'from': '2025-09-10T08:00:00+02:00', 'id': '658ed43c-5c22-43c5-a66e-d1734b1ed157', 'to': '2025-09-10T16:50:00+02:00', 'type': 'work'}, {'organizationId': '20ed1c0a-08ed-4e62-b119-2ed9e7ae68a7', 'approvalStatus': 'not_approved_yet', 'creationType': 'times', 'organizationName': 'DiploTGM', 'breaks': None, 'comment': None, 'from': '2025-09-11T08:00:00+02:00', 'id': '4ebc7d74-8255-44e9-b315-e946e1656636', 'to': '2025-09-11T16:50:00+02:00', 'type': 'work'}, {'organizationId': '20ed1c0a-08ed-4e62-b119-2ed9e7ae68a7', 'approvalStatus': 'not_approved_yet', 'creationType': 'times', 'organizationName': 'DiploTGM', 'breaks': None, 'comment': None, 'from': '2025-09-12T08:00:00+02:00', 'id': 'a9378fca-ba29-4bd8-b3c3-7a1358bb1dfa', 'to': '2025-09-12T16:50:00+02:00', 'type': 'work'}, {'organizationId': '20ed1c0a-08ed-4e62-b119-2ed9e7ae68a7', 'approvalStatus': 'not_approved_yet', 'creationType': 'times', 'organizationName': 'DiploTGM', 'breaks': None, 'comment': None, 'from': '2025-09-13T08:00:00+02:00', 'id': 'db105e4a-2931-48b2-b55d-9c4b4e9eb025', 'to': '2025-09-13T16:50:00+02:00', 'type': 'work'}, {'organizationId': '20ed1c0a-08ed-4e62-b119-2ed9e7ae68a7', 'approvalStatus': 'not_approved_yet', 'creationType': 'times', 'organizationName': 'DiploTGM', 'breaks': None, 'comment': None, 'from': '2025-09-14T08:00:00+02:00', 'id': '5f784719-a78f-4389-80a3-a3131a8dcfd8', 'to': '2025-09-14T16:50:00+02:00', 'type': 'work'}, {'organizationId': '20ed1c0a-08ed-4e62-b119-2ed9e7ae68a7', 'approvalStatus': 'not_approved_yet', 'creationType': 'times', 'organizationName': 'DiploTGM', 'breaks': None, 'comment': None, 'from': '2025-09-15T08:00:00+02:00', 'id': '0d854a11-5e21-4339-83b5-ed18934ec5df', 'to': '2025-09-15T16:50:00+02:00', 'type': 'work'}, {'organizationId': '20ed1c0a-08ed-4e62-b119-2ed9e7ae68a7', 'approvalStatus': 'not_approved_yet', 'creationType': 'times', 'organizationName': 'DiploTGM', 'breaks': None, 'comment': None, 'from': '2025-09-16T08:00:00+02:00', 'id': 'ac6875d6-688c-46e9-922f-b2348f678d13', 'to': '2025-09-16T16:50:00+02:00', 'type': 'work'}, {'organizationId': '20ed1c0a-08ed-4e62-b119-2ed9e7ae68a7', 'approvalStatus': 'not_approved_yet', 'creationType': 'times', 'organizationName': 'DiploTGM', 'breaks': None, 'comment': None, 'from': '2025-09-17T08:00:00+02:00', 'id': '72621a43-f24c-4376-aab8-05ffa5faa282', 'to': '2025-09-17T16:50:00+02:00', 'type': 'work'}, {'organizationId': '20ed1c0a-08ed-4e62-b119-2ed9e7ae68a7', 'approvalStatus': 'not_approved_yet', 'creationType': 'times', 'organizationName': 'DiploTGM', 'breaks': None, 'comment': None, 'from': '2025-09-18T08:00:00+02:00', 'id': 'bd2b40e4-d4b5-4d0b-9282-55dbff66d94a', 'to': '2025-09-18T16:50:00+02:00', 'type': 'work'}, {'organizationId': '20ed1c0a-08ed-4e62-b119-2ed9e7ae68a7', 'approvalStatus': 'not_approved_yet', 'creationType': 'times', 'organizationName': 'DiploTGM', 'breaks': None, 'comment': None, 'from': '2025-09-19T08:00:00+02:00', 'id': 'bbad2379-3d13-4438-ad5c-f4a9852980de', 'to': '2025-09-19T16:50:00+02:00', 'type': 'work'}, {'organizationId': '20ed1c0a-08ed-4e62-b119-2ed9e7ae68a7', 'approvalStatus': 'not_approved_yet', 'creationType': 'times', 'organizationName': 'DiploTGM', 'breaks': None, 'comment': None, 'from': '2025-09-20T08:00:00+02:00', 'id': '230b391f-75e4-4511-a429-acefb05e2509', 'to': '2025-09-20T16:50:00+02:00', 'type': 'work'}, {'organizationId': '20ed1c0a-08ed-4e62-b119-2ed9e7ae68a7', 'approvalStatus': 'not_approved_yet', 'creationType': 'times', 'organizationName': 'DiploTGM', 'breaks': None, 'comment': None, 'from': '2025-09-21T08:00:00+02:00', 'id': '28b87b6a-c40e-4ca5-ae9f-93dcccd20624', 'to': '2025-09-21T16:50:00+02:00', 'type': 'work'}, {'organizationId': '20ed1c0a-08ed-4e62-b119-2ed9e7ae68a7', 'approvalStatus': 'not_approved_yet', 'creationType': 'times', 'organizationName': 'DiploTGM', 'breaks': None, 'comment': None, 'from': '2025-09-22T08:00:00+02:00', 'id': 'b299f489-1311-491a-8e3c-83e4e3171f0e', 'to': '2025-09-22T16:50:00+02:00', 'type': 'work'}, {'organizationId': '20ed1c0a-08ed-4e62-b119-2ed9e7ae68a7', 'approvalStatus': 'not_approved_yet', 'creationType': 'times', 'organizationName': 'DiploTGM', 'breaks': None, 'comment': None, 'from': '2025-09-23T08:00:00+02:00', 'id': 'b9b452bb-e916-4dd9-a617-ae3970974fad', 'to': '2025-09-23T16:50:00+02:00', 'type': 'work'}, {'organizationId': '20ed1c0a-08ed-4e62-b119-2ed9e7ae68a7', 'approvalStatus': 'not_approved_yet', 'creationType': 'times', 'organizationName': 'DiploTGM', 'breaks': None, 'comment': None, 'from': '2025-09-24T08:00:00+02:00', 'id': '7aa898f5-8ea3-46b7-8fc7-f0524ad6f133', 'to': '2025-09-24T16:50:00+02:00', 'type': 'work'}, {'organizationId': '20ed1c0a-08ed-4e62-b119-2ed9e7ae68a7', 'approvalStatus': 'not_approved_yet', 'creationType': 'times', 'organizationName': 'DiploTGM', 'breaks': None, 'comment': None, 'from': '2025-09-25T08:00:00+02:00', 'id': '9e6df064-cdf6-4865-85d5-a63d261ec686', 'to': '2025-09-25T16:50:00+02:00', 'type': 'work'}], 'userFirstName': 'Amin', 'userName': 'Amin Šistek', 'userId': '62ecceb0-0224-4cb7-bd87-7099f198925e', 'userLastName': 'Šistek'}], 'page': 1, 'pageSize': 1}, 'valid': None}], 'valid': True}
Got user name from /users endpoint: 'Amin Šistek'
Error enhancing time record: 'NoneType' object is not iterable
Added time record with name: 'Amin Šistek'
Error enhancing time record: 'NoneType' object is not iterable
Added time record with name: 'Amin Šistek'
Error enhancing time record: 'NoneType' object is not iterable
Added time record with name: 'Amin Šistek'
Error enhancing time record: 'NoneType' object is not iterable
Added time record with name: 'Amin Šistek'
Error enhancing time record: 'NoneType' object is not iterable
Added time record with name: 'Amin Šistek'
Error enhancing time record: 'NoneType' object is not iterable
Added time record with name: 'Amin Šistek'
Error enhancing time record: 'NoneType' object is not iterable
Added time record with name: 'Amin Šistek'
Error enhancing time record: 'NoneType' object is not iterable
Added time record with name: 'Amin Šistek'
Error enhancing time record: 'NoneType' object is not iterable
Added time record with name: 'Amin Šistek'
Error enhancing time record: 'NoneType' object is not iterable
Added time record with name: 'Amin Šistek'
Error enhancing time record: 'NoneType' object is not iterable
Added time record with name: 'Amin Šistek'
Error enhancing time record: 'NoneType' object is not iterable
Added time record with name: 'Amin Šistek'
Error enhancing time record: 'NoneType' object is not iterable
Added time record with name: 'Amin Šistek'
Error enhancing time record: 'NoneType' object is not iterable
Added time record with name: 'Amin Šistek'
Error enhancing time record: 'NoneType' object is not iterable
Added time record with name: 'Amin Šistek'
Error enhancing time record: 'NoneType' object is not iterable
Added time record with name: 'Amin Šistek'
Error enhancing time record: 'NoneType' object is not iterable
Added time record with name: 'Amin Šistek'
Error enhancing time record: 'NoneType' object is not iterable
Added time record with name: 'Amin Šistek'
Error enhancing time record: 'NoneType' object is not iterable
Added time record with name: 'Amin Šistek'
Error enhancing time record: 'NoneType' object is not iterable
Added time record with name: 'Amin Šistek'
Error enhancing time record: 'NoneType' object is not iterable
Added time record with name: 'Amin Šistek'
Error enhancing time record: 'NoneType' object is not iterable
Added time record with name: 'Amin Šistek'
Error enhancing time record: 'NoneType' object is not iterable
Added time record with name: 'Amin Šistek'
Error enhancing time record: 'NoneType' object is not iterable
Added time record with name: 'Amin Šistek'
Error enhancing time record: 'NoneType' object is not iterable
Added time record with name: 'Amin Šistek'
Extracted 25 individual time records
First record user name: 'Amin Šistek'
Backend result: {'status': 'success', 'data': {'timeEntries': [{'organizationId': '20ed1c0a-08ed-4e62-b119-2ed9e7ae68a7', 'approvalStatus': 'not_approved_yet', 'creationType': 'times', 'organizationName': 'DiploTGM', 'breaks': None, 'comment': None, 'from': '2025-09-01T08:00:00+02:00', 'id': '62ecceb0-0224-4cb7-bd87-7099f198925e', 'to': '2025-09-01T16:50:00+02:00', 'type': 'work', 'name': 'Amin Šistek', 'project': 'DiploTGM', 'total_hours': 0.0, 'break_hours': 0.0, 'actual_work_hours': 0.0, 'breaks_formatted': 'Fehler beim Berechnen', 'date_formatted': 'Unknown Date', 'time_formatted': 'Unknown Time'}, {'organizationId': '20ed1c0a-08ed-4e62-b119-2ed9e7ae68a7', 'approvalStatus': 'not_approved_yet', 'creationType': 'times', 'organizationName': 'DiploTGM', 'breaks': None, 'comment': None, 'from': '2025-09-02T08:00:00+02:00', 'id': '62ecceb0-0224-4cb7-bd87-7099f198925e', 'to': '2025-09-02T16:50:00+02:00', 'type': 'work', 'name': 'Amin Šistek', 'project': 'DiploTGM', 'total_hours': 0.0, 'break_hours': 0.0, 'actual_work_hours': 0.0, 'breaks_formatted': 'Fehler beim Berechnen', 'date_formatted': 'Unknown Date', 'time_formatted': 'Unknown Time'}, {'organizationId': '20ed1c0a-08ed-4e62-b119-2ed9e7ae68a7', 'approvalStatus': 'not_approved_yet', 'creationType': 'times', 'organizationName': 'DiploTGM', 'breaks': None, 'comment': None, 'from': '2025-09-03T08:00:00+02:00', 'id': '62ecceb0-0224-4cb7-bd87-7099f198925e', 'to': '2025-09-03T16:50:00+02:00', 'type': 'work', 'name': 'Amin Šistek', 'project': 'DiploTGM', 'total_hours': 0.0, 'break_hours': 0.0, 'actual_work_hours': 0.0, 'breaks_formatted': 'Fehler beim Berechnen', 'date_formatted': 'Unknown Date', 'time_formatted': 'Unknown Time'}, {'organizationId': '20ed1c0a-08ed-4e62-b119-2ed9e7ae68a7', 'approvalStatus': 'not_approved_yet', 'creationType': 'times', 'organizationName': 'DiploTGM', 'breaks': None, 'comment': None, 'from': '2025-09-04T08:00:00+02:00', 'id': '62ecceb0-0224-4cb7-bd87-7099f198925e', 'to': '2025-09-04T16:50:00+02:00', 'type': 'work', 'name': 'Amin Šistek', 'project': 'DiploTGM', 'total_hours': 0.0, 'break_hours': 0.0, 'actual_work_hours': 0.0, 'breaks_formatted': 'Fehler beim Berechnen', 'date_formatted': 'Unknown Date', 'time_formatted': 'Unknown Time'}, {'organizationId': '20ed1c0a-08ed-4e62-b119-2ed9e7ae68a7', 'approvalStatus': 'not_approved_yet', 'creationType': 'times', 'organizationName': 'DiploTGM', 'breaks': None, 'comment': None, 'from': '2025-09-05T08:00:00+02:00', 'id': '62ecceb0-0224-4cb7-bd87-7099f198925e', 'to': '2025-09-05T16:50:00+02:00', 'type': 'work', 'name': 'Amin Šistek', 'project': 'DiploTGM', 'total_hours': 0.0, 'break_hours': 0.0, 'actual_work_hours': 0.0, 'breaks_formatted': 'Fehler beim Berechnen', 'date_formatted': 'Unknown Date', 'time_formatted': 'Unknown Time'}, {'organizationId': '20ed1c0a-08ed-4e62-b119-2ed9e7ae68a7', 'approvalStatus': 'not_approved_yet', 'creationType': 'times', 'organizationName': 'DiploTGM', 'breaks': None, 'comment': None, 'from': '2025-09-06T08:00:00+02:00', 'id': '62ecceb0-0224-4cb7-bd87-7099f198925e', 'to': '2025-09-06T16:50:00+02:00', 'type': 'work', 'name': 'Amin Šistek', 'project': 'DiploTGM', 'total_hours': 0.0, 'break_hours': 0.0, 'actual_work_hours': 0.0, 'breaks_formatted': 'Fehler beim Berechnen', 'date_formatted': 'Unknown Date', 'time_formatted': 'Unknown Time'}, {'organizationId': '20ed1c0a-08ed-4e62-b119-2ed9e7ae68a7', 'approvalStatus': 'not_approved_yet', 'creationType': 'times', 'organizationName': 'DiploTGM', 'breaks': None, 'comment': None, 'from': '2025-09-07T08:00:00+02:00', 'id': '62ecceb0-0224-4cb7-bd87-7099f198925e', 'to': '2025-09-07T16:50:00+02:00', 'type': 'work', 'name': 'Amin Šistek', 'project': 'DiploTGM', 'total_hours': 0.0, 'break_hours': 0.0, 'actual_work_hours': 0.0, 'breaks_formatted': 'Fehler beim Berechnen', 'date_formatted': 'Unknown Date', 'time_formatted': 'Unknown Time'}, {'organizationId': '20ed1c0a-08ed-4e62-b119-2ed9e7ae68a7', 'approvalStatus': 'not_approved_yet', 'creationType': 'times', 'organizationName': 'DiploTGM', 'breaks': None, 'comment': None, 'from': '2025-09-08T08:00:00+02:00', 'id': '62ecceb0-0224-4cb7-bd87-7099f198925e', 'to': '2025-09-08T16:50:00+02:00', 'type': 'work', 'name': 'Amin Šistek', 'project': 'DiploTGM', 'total_hours': 0.0, 'break_hours': 0.0, 'actual_work_hours': 0.0, 'breaks_formatted': 'Fehler beim Berechnen', 'date_formatted': 'Unknown Date', 'time_formatted': 'Unknown Time'}, {'organizationId': '20ed1c0a-08ed-4e62-b119-2ed9e7ae68a7', 'approvalStatus': 'not_approved_yet', 'creationType': 'times', 'organizationName': 'DiploTGM', 'breaks': None, 'comment': None, 'from': '2025-09-09T08:00:00+02:00', 'id': '62ecceb0-0224-4cb7-bd87-7099f198925e', 'to': '2025-09-09T16:50:00+02:00', 'type': 'work', 'name': 'Amin Šistek', 'project': 'DiploTGM', 'total_hours': 0.0, 'break_hours': 0.0, 'actual_work_hours': 0.0, 'breaks_formatted': 'Fehler beim Berechnen', 'date_formatted': 'Unknown Date', 'time_formatted': 'Unknown Time'}, {'organizationId': '20ed1c0a-08ed-4e62-b119-2ed9e7ae68a7', 'approvalStatus': 'not_approved_yet', 'creationType': 'times', 'organizationName': 'DiploTGM', 'breaks': None, 'comment': None, 'from': '2025-09-10T08:00:00+02:00', 'id': '62ecceb0-0224-4cb7-bd87-7099f198925e', 'to': '2025-09-10T16:50:00+02:00', 'type': 'work', 'name': 'Amin Šistek', 'project': 'DiploTGM', 'total_hours': 0.0, 'break_hours': 0.0, 'actual_work_hours': 0.0, 'breaks_formatted': 'Fehler beim Berechnen', 'date_formatted': 'Unknown Date', 'time_formatted': 'Unknown Time'}, {'organizationId': '20ed1c0a-08ed-4e62-b119-2ed9e7ae68a7', 'approvalStatus': 'not_approved_yet', 'creationType': 'times', 'organizationName': 'DiploTGM', 'breaks': None, 'comment': None, 'from': '2025-09-11T08:00:00+02:00', 'id': '62ecceb0-0224-4cb7-bd87-7099f198925e', 'to': '2025-09-11T16:50:00+02:00', 'type': 'work', 'name': 'Amin Šistek', 'project': 'DiploTGM', 'total_hours': 0.0, 'break_hours': 0.0, 'actual_work_hours': 0.0, 'breaks_formatted': 'Fehler beim Berechnen', 'date_formatted': 'Unknown Date', 'time_formatted': 'Unknown Time'}, {'organizationId': '20ed1c0a-08ed-4e62-b119-2ed9e7ae68a7', 'approvalStatus': 'not_approved_yet', 'creationType': 'times', 'organizationName': 'DiploTGM', 'breaks': None, 'comment': None, 'from': '2025-09-12T08:00:00+02:00', 'id': '62ecceb0-0224-4cb7-bd87-7099f198925e', 'to': '2025-09-12T16:50:00+02:00', 'type': 'work', 'name': 'Amin Šistek', 'project': 'DiploTGM', 'total_hours': 0.0, 'break_hours': 0.0, 'actual_work_hours': 0.0, 'breaks_formatted': 'Fehler beim Berechnen', 'date_formatted': 'Unknown Date', 'time_formatted': 'Unknown Time'}, {'organizationId': '20ed1c0a-08ed-4e62-b119-2ed9e7ae68a7', 'approvalStatus': 'not_approved_yet', 'creationType': 'times', 'organizationName': 'DiploTGM', 'breaks': None, 'comment': None, 'from': '2025-09-13T08:00:00+02:00', 'id': '62ecceb0-0224-4cb7-bd87-7099f198925e', 'to': '2025-09-13T16:50:00+02:00', 'type': 'work', 'name': 'Amin Šistek', 'project': 'DiploTGM', 'total_hours': 0.0, 'break_hours': 0.0, 'actual_work_hours': 0.0, 'breaks_formatted': 'Fehler beim Berechnen', 'date_formatted': 'Unknown Date', 'time_formatted': 'Unknown Time'}, {'organizationId': '20ed1c0a-08ed-4e62-b119-2ed9e7ae68a7', 'approvalStatus': 'not_approved_yet', 'creationType': 'times', 'organizationName': 'DiploTGM', 'breaks': None, 'comment': None, 'from': '2025-09-14T08:00:00+02:00', 'id': '62ecceb0-0224-4cb7-bd87-7099f198925e', 'to': '2025-09-14T16:50:00+02:00', 'type': 'work', 'name': 'Amin Šistek', 'project': 'DiploTGM', 'total_hours': 0.0, 'break_hours': 0.0, 'actual_work_hours': 0.0, 'breaks_formatted': 'Fehler beim Berechnen', 'date_formatted': 'Unknown Date', 'time_formatted': 'Unknown Time'}, {'organizationId': '20ed1c0a-08ed-4e62-b119-2ed9e7ae68a7', 'approvalStatus': 'not_approved_yet', 'creationType': 'times', 'organizationName': 'DiploTGM', 'breaks': None, 'comment': None, 'from': '2025-09-15T08:00:00+02:00', 'id': '62ecceb0-0224-4cb7-bd87-7099f198925e', 'to': '2025-09-15T16:50:00+02:00', 'type': 'work', 'name': 'Amin Šistek', 'project': 'DiploTGM', 'total_hours': 0.0, 'break_hours': 0.0, 'actual_work_hours': 0.0, 'breaks_formatted': 'Fehler beim Berechnen', 'date_formatted': 'Unknown Date', 'time_formatted': 'Unknown Time'}, {'organizationId': '20ed1c0a-08ed-4e62-b119-2ed9e7ae68a7', 'approvalStatus': 'not_approved_yet', 'creationType': 'times', 'organizationName': 'DiploTGM', 'breaks': None, 'comment': None, 'from': '2025-09-16T08:00:00+02:00', 'id': '62ecceb0-0224-4cb7-bd87-7099f198925e', 'to': '2025-09-16T16:50:00+02:00', 'type': 'work', 'name': 'Amin Šistek', 'project': 'DiploTGM', 'total_hours': 0.0, 'break_hours': 0.0, 'actual_work_hours': 0.0, 'breaks_formatted': 'Fehler beim Berechnen', 'date_formatted': 'Unknown Date', 'time_formatted': 'Unknown Time'}, {'organizationId': '20ed1c0a-08ed-4e62-b119-2ed9e7ae68a7', 'approvalStatus': 'not_approved_yet', 'creationType': 'times', 'organizationName': 'DiploTGM', 'breaks': None, 'comment': None, 'from': '2025-09-17T08:00:00+02:00', 'id': '62ecceb0-0224-4cb7-bd87-7099f198925e', 'to': '2025-09-17T16:50:00+02:00', 'type': 'work', 'name': 'Amin Šistek', 'project': 'DiploTGM', 'total_hours': 0.0, 'break_hours': 0.0, 'actual_work_hours': 0.0, 'breaks_formatted': 'Fehler beim Berechnen', 'date_formatted': 'Unknown Date', 'time_formatted': 'Unknown Time'}, {'organizationId': '20ed1c0a-08ed-4e62-b119-2ed9e7ae68a7', 'approvalStatus': 'not_approved_yet', 'creationType': 'times', 'organizationName': 'DiploTGM', 'breaks': None, 'comment': None, 'from': '2025-09-18T08:00:00+02:00', 'id': '62ecceb0-0224-4cb7-bd87-7099f198925e', 'to': '2025-09-18T16:50:00+02:00', 'type': 'work', 'name': 'Amin Šistek', 'project': 'DiploTGM', 'total_hours': 0.0, 'break_hours': 0.0, 'actual_work_hours': 0.0, 'breaks_formatted': 'Fehler beim Berechnen', 'date_formatted': 'Unknown Date', 'time_formatted': 'Unknown Time'}, {'organizationId': '20ed1c0a-08ed-4e62-b119-2ed9e7ae68a7', 'approvalStatus': 'not_approved_yet', 'creationType': 'times', 'organizationName': 'DiploTGM', 'breaks': None, 'comment': None, 'from': '2025-09-19T08:00:00+02:00', 'id': '62ecceb0-0224-4cb7-bd87-7099f198925e', 'to': '2025-09-19T16:50:00+02:00', 'type': 'work', 'name': 'Amin Šistek', 'project': 'DiploTGM', 'total_hours': 0.0, 'break_hours': 0.0, 'actual_work_hours': 0.0, 'breaks_formatted': 'Fehler beim Berechnen', 'date_formatted': 'Unknown Date', 'time_formatted': 'Unknown Time'}, {'organizationId': '20ed1c0a-08ed-4e62-b119-2ed9e7ae68a7', 'approvalStatus': 'not_approved_yet', 'creationType': 'times', 'organizationName': 'DiploTGM', 'breaks': None, 'comment': None, 'from': '2025-09-20T08:00:00+02:00', 'id': '62ecceb0-0224-4cb7-bd87-7099f198925e', 'to': '2025-09-20T16:50:00+02:00', 'type': 'work', 'name': 'Amin Šistek', 'project': 'DiploTGM', 'total_hours': 0.0, 'break_hours': 0.0, 'actual_work_hours': 0.0, 'breaks_formatted': 'Fehler beim Berechnen', 'date_formatted': 'Unknown Date', 'time_formatted': 'Unknown Time'}, {'organizationId': '20ed1c0a-08ed-4e62-b119-2ed9e7ae68a7', 'approvalStatus': 'not_approved_yet', 'creationType': 'times', 'organizationName': 'DiploTGM', 'breaks': None, 'comment': None, 'from': '2025-09-21T08:00:00+02:00', 'id': '62ecceb0-0224-4cb7-bd87-7099f198925e', 'to': '2025-09-21T16:50:00+02:00', 'type': 'work', 'name': 'Amin Šistek', 'project': 'DiploTGM', 'total_hours': 0.0, 'break_hours': 0.0, 'actual_work_hours': 0.0, 'breaks_formatted': 'Fehler beim Berechnen', 'date_formatted': 'Unknown Date', 'time_formatted': 'Unknown Time'}, {'organizationId': '20ed1c0a-08ed-4e62-b119-2ed9e7ae68a7', 'approvalStatus': 'not_approved_yet', 'creationType': 'times', 'organizationName': 'DiploTGM', 'breaks': None, 'comment': None, 'from': '2025-09-22T08:00:00+02:00', 'id': '62ecceb0-0224-4cb7-bd87-7099f198925e', 'to': '2025-09-22T16:50:00+02:00', 'type': 'work', 'name': 'Amin Šistek', 'project': 'DiploTGM', 'total_hours': 0.0, 'break_hours': 0.0, 'actual_work_hours': 0.0, 'breaks_formatted': 'Fehler beim Berechnen', 'date_formatted': 'Unknown Date', 'time_formatted': 'Unknown Time'}, {'organizationId': '20ed1c0a-08ed-4e62-b119-2ed9e7ae68a7', 'approvalStatus': 'not_approved_yet', 'creationType': 'times', 'organizationName': 'DiploTGM', 'breaks': None, 'comment': None, 'from': '2025-09-23T08:00:00+02:00', 'id': '62ecceb0-0224-4cb7-bd87-7099f198925e', 'to': '2025-09-23T16:50:00+02:00', 'type': 'work', 'name': 'Amin Šistek', 'project': 'DiploTGM', 'total_hours': 0.0, 'break_hours': 0.0, 'actual_work_hours': 0.0, 'breaks_formatted': 'Fehler beim Berechnen', 'date_formatted': 'Unknown Date', 'time_formatted': 'Unknown Time'}, {'organizationId': '20ed1c0a-08ed-4e62-b119-2ed9e7ae68a7', 'approvalStatus': 'not_approved_yet', 'creationType': 'times', 'organizationName': 'DiploTGM', 'breaks': None, 'comment': None, 'from': '2025-09-24T08:00:00+02:00', 'id': '62ecceb0-0224-4cb7-bd87-7099f198925e', 'to': '2025-09-24T16:50:00+02:00', 'type': 'work', 'name': 'Amin Šistek', 'project': 'DiploTGM', 'total_hours': 0.0, 'break_hours': 0.0, 'actual_work_hours': 0.0, 'breaks_formatted': 'Fehler beim Berechnen', 'date_formatted': 'Unknown Date', 'time_formatted': 'Unknown Time'}, {'organizationId': '20ed1c0a-08ed-4e62-b119-2ed9e7ae68a7', 'approvalStatus': 'not_approved_yet', 'creationType': 'times', 'organizationName': 'DiploTGM', 'breaks': None, 'comment': None, 'from': '2025-09-25T08:00:00+02:00', 'id': '62ecceb0-0224-4cb7-bd87-7099f198925e', 'to': '2025-09-25T16:50:00+02:00', 'type': 'work', 'name': 'Amin Šistek', 'project': 'DiploTGM', 'total_hours': 0.0, 'break_hours': 0.0, 'actual_work_hours': 0.0, 'breaks_formatted': 'Fehler beim Berechnen', 'date_formatted': 'Unknown Date', 'time_formatted': 'Unknown Time'}], 'employee_id': '62ecceb0-0224-4cb7-bd87-7099f198925e', 'organization_id': '20ed1c0a-08ed-4e62-b119-2ed9e7ae68a7', 'date_range': {'from': '2025-09-01', 'to': '2025-09-25'}}}127.0.0.1 - - [25/Sep/2025 12:44:53] "POST /api/load-data HTTP/1.1" 200 -
127.0.0.1 - - [25/Sep/2025 12:44:57] "GET / HTTP/1.1" 200 -
127.0.0.1 - - [25/Sep/2025 12:44:57] "GET /static/style.css HTTP/1.1" 304 -

Success! Returning 25 time entries
=== BACKEND API CALL ===
Received form_data: {'firma': '', 'mitarbeiter': '62ecceb0-0224-4cb7-bd87-7099f198925e', 'von': '01.09.2025', 'bis': '25.09.2025'}
Processing form request...
=== MCTIME API CALL ===
URL: https://mctime.com/api/v2/auth/times
Headers: {'content-type': 'application/json', 'API_KEY': 'bvtA7WVi52MBmu69bRSEEWYSOggNSRKRXJxQc5bPmBPqBXhS'}
Params: {'userIds': '62ecceb0-0224-4cb7-bd87-7099f198925e', 'from': '2025-09-01T00:00:00+02:00', 'to': '2025-09-25T23:59:59+02:00'}
=== MCTIME API RESPONSE ===
Status Code: 200
Response Text: {"items":[{"message":"Success","data":{"timeEntries":[{"times":[{"organizationId":"20ed1c0a-08ed-4e62-b119-2ed9e7ae68a7","approvalStatus":"not_approved_yet","creationType":"times","organizationName":"DiploTGM","breaks":null,"comment":null,"from":"2025-09-01T08:00:00+02:00","id":"03b760b8-1b9d-4f23-b588-a53c2926083a","to":"2025-09-01T16:50:00+02:00","type":"work"},{"organizationId":"20ed1c0a-08ed-4e62-b119-2ed9e7ae68a7","approvalStatus":"not_approved_yet","creationType":"times","organizationName":"DiploTGM","breaks":null,"comment":null,"from":"2025-09-02T08:00:00+02:00","id":"4a3a924a-0d99-4b0f-ae5e-b78798c3b948","to":"2025-09-02T16:50:00+02:00","type":"work"},{"organizationId":"20ed1c0a-08ed-4e62-b119-2ed9e7ae68a7","approvalStatus":"not_approved_yet","creationType":"times","organizationName":"DiploTGM","breaks":null,"comment":null,"from":"2025-09-03T08:00:00+02:00","id":"87e70f3b-7593-448e-9fb5-af2f96e893ea","to":"2025-09-03T16:50:00+02:00","type":"work"},{"organizationId":"20ed1c0a-08ed-4e62-b119-2ed9e7ae68a7","approvalStatus":"not_approved_yet","creationType":"times","organizationName":"DiploTGM","breaks":null,"comment":null,"from":"2025-09-04T08:00:00+02:00","id":"1a060afa-d641-49f7-8665-e4dfad929051","to":"2025-09-04T16:50:00+02:00","type":"work"},{"organizationId":"20ed1c0a-08ed-4e62-b119-2ed9e7ae68a7","approvalStatus":"not_approved_yet","creationType":"times","organizationName":"DiploTGM","breaks":null,"comment":null,"from":"2025-09-05T08:00:00+02:00","id":"38dff25c-16dc-4236-9805-6f777cfa9673","to":"2025-09-05T16:50:00+02:00","type":"work"},{"organizationId":"20ed1c0a-08ed-4e62-b119-2ed9e7ae68a7","approvalStatus":"not_approved_yet","creationType":"times","organizationName":"DiploTGM","breaks":null,"comment":null,"from":"2025-09-06T08:00:00+02:00","id":"0f15043c-77af-4c44-b886-48ddcadaedfe","to":"2025-09-06T16:50:00+02:00","type":"work"},{"organizationId":"20ed1c0a-08ed-4e62-b119-2ed9e7ae68a7","approvalStatus":"not_approved_yet","creationType":"times","organizationName":"DiploTGM","breaks":null,"comment":null,"from":"2025-09-07T08:00:00+02:00","id":"bbd0078e-ae21-45f5-ac0f-e1e7c2afb4d7","to":"2025-09-07T16:50:00+02:00","type":"work"},{"organizationId":"20ed1c0a-08ed-4e62-b119-2ed9e7ae68a7","approvalStatus":"not_approved_yet","creationType":"times","organizationName":"DiploTGM","breaks":null,"comment":null,"from":"2025-09-08T08:00:00+02:00","id":"fb4cfe10-7a2f-4b9d-966a-3ea8ffa68126","to":"2025-09-08T16:50:00+02:00","type":"work"},{"organizationId":"20ed1c0a-08ed-4e62-b119-2ed9e7ae68a7","approvalStatus":"not_approved_yet","creationType":"times","organizationName":"DiploTGM","breaks":null,"comment":null,"from":"2025-09-09T08:00:00+02:00","id":"7ad420a2-1c12-48d7-8a51-a421fe9f7e75","to":"2025-09-09T16:50:00+02:00","type":"work"},{"organizationId":"20ed1c0a-08ed-4e62-b119-2ed9e7ae68a7","approvalStatus":"not_approved_yet","creationType":"times","organizationName":"DiploTGM","breaks":null,"comment":null,"from":"2025-09-10T08:00:00+02:00","id":"658ed43c-5c22-43c5-a66e-d1734b1ed157","to":"2025-09-10T16:50:00+02:00","type":"work"},{"organizationId":"20ed1c0a-08ed-4e62-b119-2ed9e7ae68a7","approvalStatus":"not_approved_yet","creationType":"times","organizationName":"DiploTGM","breaks":null,"comment":null,"from":"2025-09-11T08:00:00+02:00","id":"4ebc7d74-8255-44e9-b315-e946e1656636","to":"2025-09-11T16:50:00+02:00","type":"work"},{"organizationId":"20ed1c0a-08ed-4e62-b119-2ed9e7ae68a7","approvalStatus":"not_approved_yet","creationType":"times","organizationName":"DiploTGM","breaks":null,"comment":null,"from":"2025-09-12T08:00:00+02:00","id":"a9378fca-ba29-4bd8-b3c3-7a1358bb1dfa","to":"2025-09-12T16:50:00+02:00","type":"work"},{"organizationId":"20ed1c0a-08ed-4e62-b119-2ed9e7ae68a7","approvalStatus":"not_approved_yet","creationType":"times","organizationName":"DiploTGM","breaks":null,"comment":null,"from":"2025-09-13T08:00:00+02:00","id":"db105e4a-2931-48b2-b55d-9c4b4e9eb025","to":"2025-09-13T16:50:00+02:00","type":"work"},{"organizationId":"20ed1c0a-08ed-4e62-b119-2ed9e7ae68a7","approvalStatus":"not_approved_yet","creationType":"times","organizationName":"DiploTGM","breaks":null,"comment":null,"from":"2025-09-14T08:00:00+02:00","id":"5f784719-a78f-4389-80a3-a3131a8dcfd8","to":"2025-09-14T16:50:00+02:00","type":"work"},{"organizationId":"20ed1c0a-08ed-4e62-b119-2ed9e7ae68a7","approvalStatus":"not_approved_yet","creationType":"times","organizationName":"DiploTGM","breaks":null,"comment":null,"from":"2025-09-15T08:00:00+02:00","id":"0d854a11-5e21-4339-83b5-ed18934ec5df","to":"2025-09-15T16:50:00+02:00","type":"work"},{"organizationId":"20ed1c0a-08ed-4e62-b119-2ed9e7ae68a7","approvalStatus":"not_approved_yet","creationType":"times","organizationName":"DiploTGM","breaks":null,"comment":null,"from":"2025-09-16T08:00:00+02:00","id":"ac6875d6-688c-46e9-922f-b2348f678d13","to":"2025-09-16T16:50:00+02:00","type":"work"},{"organizationId":"20ed1c0a-08ed-4e62-b119-2ed9e7ae68a7","approvalStatus":"not_approved_yet","creationType":"times","organizationName":"DiploTGM","breaks":null,"comment":null,"from":"2025-09-17T08:00:00+02:00","id":"72621a43-f24c-4376-aab8-05ffa5faa282","to":"2025-09-17T16:50:00+02:00","type":"work"},{"organizationId":"20ed1c0a-08ed-4e62-b119-2ed9e7ae68a7","approvalStatus":"not_approved_yet","creationType":"times","organizationName":"DiploTGM","breaks":null,"comment":null,"from":"2025-09-18T08:00:00+02:00","id":"bd2b40e4-d4b5-4d0b-9282-55dbff66d94a","to":"2025-09-18T16:50:00+02:00","type":"work"},{"organizationId":"20ed1c0a-08ed-4e62-b119-2ed9e7ae68a7","approvalStatus":"not_approved_yet","creationType":"times","organizationName":"DiploTGM","breaks":null,"comment":null,"from":"2025-09-19T08:00:00+02:00","id":"bbad2379-3d13-4438-ad5c-f4a9852980de","to":"2025-09-19T16:50:00+02:00","type":"work"},{"organizationId":"20ed1c0a-08ed-4e62-b119-2ed9e7ae68a7","approvalStatus":"not_approved_yet","creationType":"times","organizationName":"DiploTGM","breaks":null,"comment":null,"from":"2025-09-20T08:00:00+02:00","id":"230b391f-75e4-4511-a429-acefb05e2509","to":"2025-09-20T16:50:00+02:00","type":"work"},{"organizationId":"20ed1c0a-08ed-4e62-b119-2ed9e7ae68a7","approvalStatus":"not_approved_yet","creationType":"times","organizationName":"DiploTGM","breaks":null,"comment":null,"from":"2025-09-21T08:00:00+02:00","id":"28b87b6a-c40e-4ca5-ae9f-93dcccd20624","to":"2025-09-21T16:50:00+02:00","type":"work"},{"organizationId":"20ed1c0a-08ed-4e62-b119-2ed9e7ae68a7","approvalStatus":"not_approved_yet","creationType":"times","organizationName":"DiploTGM","breaks":null,"comment":null,"from":"2025-09-22T08:00:00+02:00","id":"b299f489-1311-491a-8e3c-83e4e3171f0e","to":"2025-09-22T16:50:00+02:00","type":"work"},{"organizationId":"20ed1c0a-08ed-4e62-b119-2ed9e7ae68a7","approvalStatus":"not_approved_yet","creationType":"times","organizationName":"DiploTGM","breaks":null,"comment":null,"from":"2025-09-23T08:00:00+02:00","id":"b9b452bb-e916-4dd9-a617-ae3970974fad","to":"2025-09-23T16:50:00+02:00","type":"work"},{"organizationId":"20ed1c0a-08ed-4e62-b119-2ed9e7ae68a7","approvalStatus":"not_approved_yet","creationType":"times","organizationName":"DiploTGM","breaks":null,"comment":null,"from":"2025-09-24T08:00:00+02:00","id":"7aa898f5-8ea3-46b7-8fc7-f0524ad6f133","to":"2025-09-24T16:50:00+02:00","type":"work"},{"organizationId":"20ed1c0a-08ed-4e62-b119-2ed9e7ae68a7","approvalStatus":"not_approved_yet","creationType":"times","organizationName":"DiploTGM","breaks":null,"comment":null,"from":"2025-09-25T08:00:00+02:00","id":"9e6df064-cdf6-4865-85d5-a63d261ec686","to":"2025-09-25T16:50:00+02:00","type":"work"}],"userFirstName":"Amin","userName":"Amin Šistek","userId":"62ecceb0-0224-4cb7-bd87-7099f198925e","userLastName":"Šistek"}],"page":1,"pageSize":1},"valid":null}],"valid":true}
Parsed JSON: {'items': [{'message': 'Success', 'data': {'timeEntries': [{'times': [{'organizationId': '20ed1c0a-08ed-4e62-b119-2ed9e7ae68a7', 'approvalStatus': 'not_approved_yet', 'creationType': 'times', 'organizationName': 'DiploTGM', 'breaks': None, 'comment': None, 'from': '2025-09-01T08:00:00+02:00', 'id': '03b760b8-1b9d-4f23-b588-a53c2926083a', 'to': '2025-09-01T16:50:00+02:00', 'type': 'work'}, {'organizationId': '20ed1c0a-08ed-4e62-b119-2ed9e7ae68a7', 'approvalStatus': 'not_approved_yet', 'creationType': 'times', 'organizationName': 'DiploTGM', 'breaks': None, 'comment': None, 'from': '2025-09-02T08:00:00+02:00', 'id': '4a3a924a-0d99-4b0f-ae5e-b78798c3b948', 'to': '2025-09-02T16:50:00+02:00', 'type': 'work'}, {'organizationId': '20ed1c0a-08ed-4e62-b119-2ed9e7ae68a7', 'approvalStatus': 'not_approved_yet', 'creationType': 'times', 'organizationName': 'DiploTGM', 'breaks': None, 'comment': None, 'from': '2025-09-03T08:00:00+02:00', 'id': '87e70f3b-7593-448e-9fb5-af2f96e893ea', 'to': '2025-09-03T16:50:00+02:00', 'type': 'work'}, {'organizationId': '20ed1c0a-08ed-4e62-b119-2ed9e7ae68a7', 'approvalStatus': 'not_approved_yet', 'creationType': 'times', 'organizationName': 'DiploTGM', 'breaks': None, 'comment': None, 'from': '2025-09-04T08:00:00+02:00', 'id': '1a060afa-d641-49f7-8665-e4dfad929051', 'to': '2025-09-04T16:50:00+02:00', 'type': 'work'}, {'organizationId': '20ed1c0a-08ed-4e62-b119-2ed9e7ae68a7', 'approvalStatus': 'not_approved_yet', 'creationType': 'times', 'organizationName': 'DiploTGM', 'breaks': None, 'comment': None, 'from': '2025-09-05T08:00:00+02:00', 'id': '38dff25c-16dc-4236-9805-6f777cfa9673', 'to': '2025-09-05T16:50:00+02:00', 'type': 'work'}, {'organizationId': '20ed1c0a-08ed-4e62-b119-2ed9e7ae68a7', 'approvalStatus': 'not_approved_yet', 'creationType': 'times', 'organizationName': 'DiploTGM', 'breaks': None, 'comment': None, 'from': '2025-09-06T08:00:00+02:00', 'id': '0f15043c-77af-4c44-b886-48ddcadaedfe', 'to': '2025-09-06T16:50:00+02:00', 'type': 'work'}, {'organizationId': '20ed1c0a-08ed-4e62-b119-2ed9e7ae68a7', 'approvalStatus': 'not_approved_yet', 'creationType': 'times', 'organizationName': 'DiploTGM', 'breaks': None, 'comment': None, 'from': '2025-09-07T08:00:00+02:00', 'id': 'bbd0078e-ae21-45f5-ac0f-e1e7c2afb4d7', 'to': '2025-09-07T16:50:00+02:00', 'type': 'work'}, {'organizationId': '20ed1c0a-08ed-4e62-b119-2ed9e7ae68a7', 'approvalStatus': 'not_approved_yet', 'creationType': 'times', 'organizationName': 'DiploTGM', 'breaks': None, 'comment': None, 'from': '2025-09-08T08:00:00+02:00', 'id': 'fb4cfe10-7a2f-4b9d-966a-3ea8ffa68126', 'to': '2025-09-08T16:50:00+02:00', 'type': 'work'}, {'organizationId': '20ed1c0a-08ed-4e62-b119-2ed9e7ae68a7', 'approvalStatus': 'not_approved_yet', 'creationType': 'times', 'organizationName': 'DiploTGM', 'breaks': None, 'comment': None, 'from': '2025-09-09T08:00:00+02:00', 'id': '7ad420a2-1c12-48d7-8a51-a421fe9f7e75', 'to': '2025-09-09T16:50:00+02:00', 'type': 'work'}, {'organizationId': '20ed1c0a-08ed-4e62-b119-2ed9e7ae68a7', 'approvalStatus': 'not_approved_yet', 'creationType': 'times', 'organizationName': 'DiploTGM', 'breaks': None, 'comment': None, 'from': '2025-09-10T08:00:00+02:00', 'id': '658ed43c-5c22-43c5-a66e-d1734b1ed157', 'to': '2025-09-10T16:50:00+02:00', 'type': 'work'}, {'organizationId': '20ed1c0a-08ed-4e62-b119-2ed9e7ae68a7', 'approvalStatus': 'not_approved_yet', 'creationType': 'times', 'organizationName': 'DiploTGM', 'breaks': None, 'comment': None, 'from': '2025-09-11T08:00:00+02:00', 'id': '4ebc7d74-8255-44e9-b315-e946e1656636', 'to': '2025-09-11T16:50:00+02:00', 'type': 'work'}, {'organizationId': '20ed1c0a-08ed-4e62-b119-2ed9e7ae68a7', 'approvalStatus': 'not_approved_yet', 'creationType': 'times', 'organizationName': 'DiploTGM', 'breaks': None, 'comment': None, 'from': '2025-09-12T08:00:00+02:00', 'id': 'a9378fca-ba29-4bd8-b3c3-7a1358bb1dfa', 'to': '2025-09-12T16:50:00+02:00', 'type': 'work'}, {'organizationId': '20ed1c0a-08ed-4e62-b119-2ed9e7ae68a7', 'approvalStatus': 'not_approved_yet', 'creationType': 'times', 'organizationName': 'DiploTGM', 'breaks': None, 'comment': None, 'from': '2025-09-13T08:00:00+02:00', 'id': 'db105e4a-2931-48b2-b55d-9c4b4e9eb025', 'to': '2025-09-13T16:50:00+02:00', 'type': 'work'}, {'organizationId': '20ed1c0a-08ed-4e62-b119-2ed9e7ae68a7', 'approvalStatus': 'not_approved_yet', 'creationType': 'times', 'organizationName': 'DiploTGM', 'breaks': None, 'comment': None, 'from': '2025-09-14T08:00:00+02:00', 'id': '5f784719-a78f-4389-80a3-a3131a8dcfd8', 'to': '2025-09-14T16:50:00+02:00', 'type': 'work'}, {'organizationId': '20ed1c0a-08ed-4e62-b119-2ed9e7ae68a7', 'approvalStatus': 'not_approved_yet', 'creationType': 'times', 'organizationName': 'DiploTGM', 'breaks': None, 'comment': None, 'from': '2025-09-15T08:00:00+02:00', 'id': '0d854a11-5e21-4339-83b5-ed18934ec5df', 'to': '2025-09-15T16:50:00+02:00', 'type': 'work'}, {'organizationId': '20ed1c0a-08ed-4e62-b119-2ed9e7ae68a7', 'approvalStatus': 'not_approved_yet', 'creationType': 'times', 'organizationName': 'DiploTGM', 'breaks': None, 'comment': None, 'from': '2025-09-16T08:00:00+02:00', 'id': 'ac6875d6-688c-46e9-922f-b2348f678d13', 'to': '2025-09-16T16:50:00+02:00', 'type': 'work'}, {'organizationId': '20ed1c0a-08ed-4e62-b119-2ed9e7ae68a7', 'approvalStatus': 'not_approved_yet', 'creationType': 'times', 'organizationName': 'DiploTGM', 'breaks': None, 'comment': None, 'from': '2025-09-17T08:00:00+02:00', 'id': '72621a43-f24c-4376-aab8-05ffa5faa282', 'to': '2025-09-17T16:50:00+02:00', 'type': 'work'}, {'organizationId': '20ed1c0a-08ed-4e62-b119-2ed9e7ae68a7', 'approvalStatus': 'not_approved_yet', 'creationType': 'times', 'organizationName': 'DiploTGM', 'breaks': None, 'comment': None, 'from': '2025-09-18T08:00:00+02:00', 'id': 'bd2b40e4-d4b5-4d0b-9282-55dbff66d94a', 'to': '2025-09-18T16:50:00+02:00', 'type': 'work'}, {'organizationId': '20ed1c0a-08ed-4e62-b119-2ed9e7ae68a7', 'approvalStatus': 'not_approved_yet', 'creationType': 'times', 'organizationName': 'DiploTGM', 'breaks': None, 'comment': None, 'from': '2025-09-19T08:00:00+02:00', 'id': 'bbad2379-3d13-4438-ad5c-f4a9852980de', 'to': '2025-09-19T16:50:00+02:00', 'type': 'work'}, {'organizationId': '20ed1c0a-08ed-4e62-b119-2ed9e7ae68a7', 'approvalStatus': 'not_approved_yet', 'creationType': 'times', 'organizationName': 'DiploTGM', 'breaks': None, 'comment': None, 'from': '2025-09-20T08:00:00+02:00', 'id': '230b391f-75e4-4511-a429-acefb05e2509', 'to': '2025-09-20T16:50:00+02:00', 'type': 'work'}, {'organizationId': '20ed1c0a-08ed-4e62-b119-2ed9e7ae68a7', 'approvalStatus': 'not_approved_yet', 'creationType': 'times', 'organizationName': 'DiploTGM', 'breaks': None, 'comment': None, 'from': '2025-09-21T08:00:00+02:00', 'id': '28b87b6a-c40e-4ca5-ae9f-93dcccd20624', 'to': '2025-09-21T16:50:00+02:00', 'type': 'work'}, {'organizationId': '20ed1c0a-08ed-4e62-b119-2ed9e7ae68a7', 'approvalStatus': 'not_approved_yet', 'creationType': 'times', 'organizationName': 'DiploTGM', 'breaks': None, 'comment': None, 'from': '2025-09-22T08:00:00+02:00', 'id': 'b299f489-1311-491a-8e3c-83e4e3171f0e', 'to': '2025-09-22T16:50:00+02:00', 'type': 'work'}, {'organizationId': '20ed1c0a-08ed-4e62-b119-2ed9e7ae68a7', 'approvalStatus': 'not_approved_yet', 'creationType': 'times', 'organizationName': 'DiploTGM', 'breaks': None, 'comment': None, 'from': '2025-09-23T08:00:00+02:00', 'id': 'b9b452bb-e916-4dd9-a617-ae3970974fad', 'to': '2025-09-23T16:50:00+02:00', 'type': 'work'}, {'organizationId': '20ed1c0a-08ed-4e62-b119-2ed9e7ae68a7', 'approvalStatus': 'not_approved_yet', 'creationType': 'times', 'organizationName': 'DiploTGM', 'breaks': None, 'comment': None, 'from': '2025-09-24T08:00:00+02:00', 'id': '7aa898f5-8ea3-46b7-8fc7-f0524ad6f133', 'to': '2025-09-24T16:50:00+02:00', 'type': 'work'}, {'organizationId': '20ed1c0a-08ed-4e62-b119-2ed9e7ae68a7', 'approvalStatus': 'not_approved_yet', 'creationType': 'times', 'organizationName': 'DiploTGM', 'breaks': None, 'comment': None, 'from': '2025-09-25T08:00:00+02:00', 'id': '9e6df064-cdf6-4865-85d5-a63d261ec686', 'to': '2025-09-25T16:50:00+02:00', 'type': 'work'}], 'userFirstName': 'Amin', 'userName': 'Amin Šistek', 'userId': '62ecceb0-0224-4cb7-bd87-7099f198925e', 'userLastName': 'Šistek'}], 'page': 1, 'pageSize': 1}, 'valid': None}], 'valid': True}
Got user name from /users endpoint: 'Amin Šistek'
Error enhancing time record: 'NoneType' object is not iterable
Added time record with name: 'Amin Šistek'
Error enhancing time record: 'NoneType' object is not iterable
Added time record with name: 'Amin Šistek'
Error enhancing time record: 'NoneType' object is not iterable
Added time record with name: 'Amin Šistek'
Error enhancing time record: 'NoneType' object is not iterable
Added time record with name: 'Amin Šistek'
Error enhancing time record: 'NoneType' object is not iterable
Added time record with name: 'Amin Šistek'
Error enhancing time record: 'NoneType' object is not iterable
Added time record with name: 'Amin Šistek'
Error enhancing time record: 'NoneType' object is not iterable
Added time record with name: 'Amin Šistek'
Error enhancing time record: 'NoneType' object is not iterable
Added time record with name: 'Amin Šistek'
Error enhancing time record: 'NoneType' object is not iterable
Added time record with name: 'Amin Šistek'
Error enhancing time record: 'NoneType' object is not iterable
Added time record with name: 'Amin Šistek'
Error enhancing time record: 'NoneType' object is not iterable
Added time record with name: 'Amin Šistek'
Error enhancing time record: 'NoneType' object is not iterable
Added time record with name: 'Amin Šistek'
Error enhancing time record: 'NoneType' object is not iterable
Added time record with name: 'Amin Šistek'
Error enhancing time record: 'NoneType' object is not iterable
Added time record with name: 'Amin Šistek'
Error enhancing time record: 'NoneType' object is not iterable
Added time record with name: 'Amin Šistek'
Error enhancing time record: 'NoneType' object is not iterable
Added time record with name: 'Amin Šistek'
Error enhancing time record: 'NoneType' object is not iterable
Added time record with name: 'Amin Šistek'
Error enhancing time record: 'NoneType' object is not iterable
Added time record with name: 'Amin Šistek'
Error enhancing time record: 'NoneType' object is not iterable
Added time record with name: 'Amin Šistek'
Error enhancing time record: 'NoneType' object is not iterable
Added time record with name: 'Amin Šistek'
Error enhancing time record: 'NoneType' object is not iterable
Added time record with name: 'Amin Šistek'
Error enhancing time record: 'NoneType' object is not iterable
Added time record with name: 'Amin Šistek'
Error enhancing time record: 'NoneType' object is not iterable
Added time record with name: 'Amin Šistek'
Error enhancing time record: 'NoneType' object is not iterable
Added time record with name: 'Amin Šistek'
Error enhancing time record: 'NoneType' object is not iterable
Added time record with name: 'Amin Šistek'
Extracted 25 individual time records
First record user name: 'Amin Šistek'
Backend result: {'status': 'success', 'data': {'timeEntries': [{'organizationId': '20ed1c0a-08ed-4e62-b119-2ed9e7ae68a7', 'approvalStatus': 'not_approved_yet', 'creationType': 'times', 'organizationName': 'DiploTGM', 'breaks': None, 'comment': None, 'from': '2025-09-01T08:00:00+02:00', 'id': '62ecceb0-0224-4cb7-bd87-7099f198925e', 'to': '2025-09-01T16:50:00+02:00', 'type': 'work', 'name': 'Amin Šistek', 'project': 'DiploTGM', 'total_hours': 0.0, 'break_hours': 0.0, 'actual_work_hours': 0.0, 'breaks_formatted': 'Fehler beim Berechnen', 'date_formatted': 'Unknown Date', 'time_formatted': 'Unknown Time'}, {'organizationId': '20ed1c0a-08ed-4e62-b119-2ed9e7ae68a7', 'approvalStatus': 'not_approved_yet', 'creationType': 'times', 'organizationName': 'DiploTGM', 'breaks': None, 'comment': None, 'from': '2025-09-02T08:00:00+02:00', 'id': '62ecceb0-0224-4cb7-bd87-7099f198925e', 'to': '2025-09-02T16:50:00+02:00', 'type': 'work', 'name': 'Amin Šistek', 'project': 'DiploTGM', 'total_hours': 0.0, 'break_hours': 0.0, 'actual_work_hours': 0.0, 'breaks_formatted': 'Fehler beim Berechnen', 'date_formatted': 'Unknown Date', 'time_formatted': 'Unknown Time'}, {'organizationId': '20ed1c0a-08ed-4e62-b119-2ed9e7ae68a7', 'approvalStatus': 'not_approved_yet', 'creationType': 'times', 'organizationName': 'DiploTGM', 'breaks': None, 'comment': None, 'from': '2025-09-03T08:00:00+02:00', 'id': '62ecceb0-0224-4cb7-bd87-7099f198925e', 'to': '2025-09-03T16:50:00+02:00', 'type': 'work', 'name': 'Amin Šistek', 'project': 'DiploTGM', 'total_hours': 0.0, 'break_hours': 0.0, 'actual_work_hours': 0.0, 'breaks_formatted': 'Fehler beim Berechnen', 'date_formatted': 'Unknown Date', 'time_formatted': 'Unknown Time'}, {'organizationId': '20ed1c0a-08ed-4e62-b119-2ed9e7ae68a7', 'approvalStatus': 'not_approved_yet', 'creationType': 'times', 'organizationName': 'DiploTGM', 'breaks': None, 'comment': None, 'from': '2025-09-04T08:00:00+02:00', 'id': '62ecceb0-0224-4cb7-bd87-7099f198925e', 'to': '2025-09-04T16:50:00+02:00', 'type': 'work', 'name': 'Amin Šistek', 'project': 'DiploTGM', 'total_hours': 0.0, 'break_hours': 0.0, 'actual_work_hours': 0.0, 'breaks_formatted': 'Fehler beim Berechnen', 'date_formatted': 'Unknown Date', 'time_formatted': 'Unknown Time'}, {'organizationId': '20ed1c0a-08ed-4e62-b119-2ed9e7ae68a7', 'approvalStatus': 'not_approved_yet', 'creationType': 'times', 'organizationName': 'DiploTGM', 'breaks': None, 'comment': None, 'from': '2025-09-05T08:00:00+02:00', 'id': '62ecceb0-0224-4cb7-bd87-7099f198925e', 'to': '2025-09-05T16:50:00+02:00', 'type': 'work', 'name': 'Amin Šistek', 'project': 'DiploTGM', 'total_hours': 0.0, 'break_hours': 0.0, 'actual_work_hours': 0.0, 'breaks_formatted': 'Fehler beim Berechnen', 'date_formatted': 'Unknown Date', 'time_formatted': 'Unknown Time'}, {'organizationId': '20ed1c0a-08ed-4e62-b119-2ed9e7ae68a7', 'approvalStatus': 'not_approved_yet', 'creationType': 'times', 'organizationName': 'DiploTGM', 'breaks': None, 'comment': None, 'from': '2025-09-06T08:00:00+02:00', 'id': '62ecceb0-0224-4cb7-bd87-7099f198925e', 'to': '2025-09-06T16:50:00+02:00', 'type': 'work', 'name': 'Amin Šistek', 'project': 'DiploTGM', 'total_hours': 0.0, 'break_hours': 0.0, 'actual_work_hours': 0.0, 'breaks_formatted': 'Fehler beim Berechnen', 'date_formatted': 'Unknown Date', 'time_formatted': 'Unknown Time'}, {'organizationId': '20ed1c0a-08ed-4e62-b119-2ed9e7ae68a7', 'approvalStatus': 'not_approved_yet', 'creationType': 'times', 'organizationName': 'DiploTGM', 'breaks': None, 'comment': None, 'from': '2025-09-07T08:00:00+02:00', 'id': '62ecceb0-0224-4cb7-bd87-7099f198925e', 'to': '2025-09-07T16:50:00+02:00', 'type': 'work', 'name': 'Amin Šistek', 'project': 'DiploTGM', 'total_hours': 0.0, 'break_hours': 0.0, 'actual_work_hours': 0.0, 'breaks_formatted': 'Fehler beim Berechnen', 'date_formatted': 'Unknown Date', 'time_formatted': 'Unknown Time'}, {'organizationId': '20ed1c0a-08ed-4e62-b119-2ed9e7ae68a7', 'approvalStatus': 'not_approved_yet', 'creationType': 'times', 'organizationName': 'DiploTGM', 'breaks': None, 'comment': None, 'from': '2025-09-08T08:00:00+02:00', 'id': '62ecceb0-0224-4cb7-bd87-7099f198925e', 'to': '2025-09-08T16:50:00+02:00', 'type': 'work', 'name': 'Amin Šistek', 'project': 'DiploTGM', 'total_hours': 0.0, 'break_hours': 0.0, 'actual_work_hours': 0.0, 'breaks_formatted': 'Fehler beim Berechnen', 'date_formatted': 'Unknown Date', 'time_formatted': 'Unknown Time'}, {'organizationId': '20ed1c0a-08ed-4e62-b119-2ed9e7ae68a7', 'approvalStatus': 'not_approved_yet', 'creationType': 'times', 'organizationName': 'DiploTGM', 'breaks': None, 'comment': None, 'from': '2025-09-09T08:00:00+02:00', 'id': '62ecceb0-0224-4cb7-bd87-7099f198925e', 'to': '2025-09-09T16:50:00+02:00', 'type': 'work', 'name': 'Amin Šistek', 'project': 'DiploTGM', 'total_hours': 0.0, 'break_hours': 0.0, 'actual_work_hours': 0.0, 'breaks_formatted': 'Fehler beim Berechnen', 'date_formatted': 'Unknown Date', 'time_formatted': 'Unknown Time'}, {'organizationId': '20ed1c0a-08ed-4e62-b119-2ed9e7ae68a7', 'approvalStatus': 'not_approved_yet', 'creationType': 'times', 'organizationName': 'DiploTGM', 'breaks': None, 'comment': None, 'from': '2025-09-10T08:00:00+02:00', 'id': '62ecceb0-0224-4cb7-bd87-7099f198925e', 'to': '2025-09-10T16:50:00+02:00', 'type': 'work', 'name': 'Amin Šistek', 'project': 'DiploTGM', 'total_hours': 0.0, 'break_hours': 0.0, 'actual_work_hours': 0.0, 'breaks_formatted': 'Fehler beim Berechnen', 'date_formatted': 'Unknown Date', 'time_formatted': 'Unknown Time'}, {'organizationId': '20ed1c0a-08ed-4e62-b119-2ed9e7ae68a7', 'approvalStatus': 'not_approved_yet', 'creationType': 'times', 'organizationName': 'DiploTGM', 'breaks': None, 'comment': None, 'from': '2025-09-11T08:00:00+02:00', 'id': '62ecceb0-0224-4cb7-bd87-7099f198925e', 'to': '2025-09-11T16:50:00+02:00', 'type': 'work', 'name': 'Amin Šistek', 'project': 'DiploTGM', 'total_hours': 0.0, 'break_hours': 0.0, 'actual_work_hours': 0.0, 'breaks_formatted': 'Fehler beim Berechnen', 'date_formatted': 'Unknown Date', 'time_formatted': 'Unknown Time'}, {'organizationId': '20ed1c0a-08ed-4e62-b119-2ed9e7ae68a7', 'approvalStatus': 'not_approved_yet', 'creationType': 'times', 'organizationName': 'DiploTGM', 'breaks': None, 'comment': None, 'from': '2025-09-12T08:00:00+02:00', 'id': '62ecceb0-0224-4cb7-bd87-7099f198925e', 'to': '2025-09-12T16:50:00+02:00', 'type': 'work', 'name': 'Amin Šistek', 'project': 'DiploTGM', 'total_hours': 0.0, 'break_hours': 0.0, 'actual_work_hours': 0.0, 'breaks_formatted': 'Fehler beim Berechnen', 'date_formatted': 'Unknown Date', 'time_formatted': 'Unknown Time'}, {'organizationId': '20ed1c0a-08ed-4e62-b119-2ed9e7ae68a7', 'approvalStatus': 'not_approved_yet', 'creationType': 'times', 'organizationName': 'DiploTGM', 'breaks': None, 'comment': None, 'from': '2025-09-13T08:00:00+02:00', 'id': '62ecceb0-0224-4cb7-bd87-7099f198925e', 'to': '2025-09-13T16:50:00+02:00', 'type': 'work', 'name': 'Amin Šistek', 'project': 'DiploTGM', 'total_hours': 0.0, 'break_hours': 0.0, 'actual_work_hours': 0.0, 'breaks_formatted': 'Fehler beim Berechnen', 'date_formatted': 'Unknown Date', 'time_formatted': 'Unknown Time'}, {'organizationId': '20ed1c0a-08ed-4e62-b119-2ed9e7ae68a7', 'approvalStatus': 'not_approved_yet', 'creationType': 'times', 'organizationName': 'DiploTGM', 'breaks': None, 'comment': None, 'from': '2025-09-14T08:00:00+02:00', 'id': '62ecceb0-0224-4cb7-bd87-7099f198925e', 'to': '2025-09-14T16:50:00+02:00', 'type': 'work', 'name': 'Amin Šistek', 'project': 'DiploTGM', 'total_hours': 0.0, 'break_hours': 0.0, 'actual_work_hours': 0.0, 'breaks_formatted': 'Fehler beim Berechnen', 'date_formatted': 'Unknown Date', 'time_formatted': 'Unknown Time'}, {'organizationId': '20ed1c0a-08ed-4e62-b119-2ed9e7ae68a7', 'approvalStatus': 'not_approved_yet', 'creationType': 'times', 'organizationName': 'DiploTGM', 'breaks': None, 'comment': None, 'from': '2025-09-15T08:00:00+02:00', 'id': '62ecceb0-0224-4cb7-bd87-7099f198925e', 'to': '2025-09-15T16:50:00+02:00', 'type': 'work', 'name': 'Amin Šistek', 'project': 'DiploTGM', 'total_hours': 0.0, 'break_hours': 0.0, 'actual_work_hours': 0.0, 'breaks_formatted': 'Fehler beim Berechnen', 'date_formatted': 'Unknown Date', 'time_formatted': 'Unknown Time'}, {'organizationId': '20ed1c0a-08ed-4e62-b119-2ed9e7ae68a7', 'approvalStatus': 'not_approved_yet', 'creationType': 'times', 'organizationName': 'DiploTGM', 'breaks': None, 'comment': None, 'from': '2025-09-16T08:00:00+02:00', 'id': '62ecceb0-0224-4cb7-bd87-7099f198925e', 'to': '2025-09-16T16:50:00+02:00', 'type': 'work', 'name': 'Amin Šistek', 'project': 'DiploTGM', 'total_hours': 0.0, 'break_hours': 0.0, 'actual_work_hours': 0.0, 'breaks_formatted': 'Fehler beim Berechnen', 'date_formatted': 'Unknown Date', 'time_formatted': 'Unknown Time'}, {'organizationId': '20ed1c0a-08ed-4e62-b119-2ed9e7ae68a7', 'approvalStatus': 'not_approved_yet', 'creationType': 'times', 'organizationName': 'DiploTGM', 'breaks': None, 'comment': None, 'from': '2025-09-17T08:00:00+02:00', 'id': '62ecceb0-0224-4cb7-bd87-7099f198925e', 'to': '2025-09-17T16:50:00+02:00', 'type': 'work', 'name': 'Amin Šistek', 'project': 'DiploTGM', 'total_hours': 0.0, 'break_hours': 0.0, 'actual_work_hours': 0.0, 'breaks_formatted': 'Fehler beim Berechnen', 'date_formatted': 'Unknown Date', 'time_formatted': 'Unknown Time'}, {'organizationId': '20ed1c0a-08ed-4e62-b119-2ed9e7ae68a7', 'approvalStatus': 'not_approved_yet', 'creationType': 'times', 'organizationName': 'DiploTGM', 'breaks': None, 'comment': None, 'from': '2025-09-18T08:00:00+02:00', 'id': '62ecceb0-0224-4cb7-bd87-7099f198925e', 'to': '2025-09-18T16:50:00+02:00', 'type': 'work', 'name': 'Amin Šistek', 'project': 'DiploTGM', 'total_hours': 0.0, 'break_hours': 0.0, 'actual_work_hours': 0.0, 'breaks_formatted': 'Fehler beim Berechnen', 'date_formatted': 'Unknown Date', 'time_formatted': 'Unknown Time'}, {'organizationId': '20ed1c0a-08ed-4e62-b119-2ed9e7ae68a7', 'approvalStatus': 'not_approved_yet', 'creationType': 'times', 'organizationName': 'DiploTGM', 'breaks': None, 'comment': None, 'from': '2025-09-19T08:00:00+02:00', 'id': '62ecceb0-0224-4cb7-bd87-7099f198925e', 'to': '2025-09-19T16:50:00+02:00', 'type': 'work', 'name': 'Amin Šistek', 'project': 'DiploTGM', 'total_hours': 0.0, 'break_hours': 0.0, 'actual_work_hours': 0.0, 'breaks_formatted': 'Fehler beim Berechnen', 'date_formatted': 'Unknown Date', 'time_formatted': 'Unknown Time'}, {'organizationId': '20ed1c0a-08ed-4e62-b119-2ed9e7ae68a7', 'approvalStatus': 'not_approved_yet', 'creationType': 'times', 'organizationName': 'DiploTGM', 'breaks': None, 'comment': None, 'from': '2025-09-20T08:00:00+02:00', 'id': '62ecceb0-0224-4cb7-bd87-7099f198925e', 'to': '2025-09-20T16:50:00+02:00', 'type': 'work', 'name': 'Amin Šistek', 'project': 'DiploTGM', 'total_hours': 0.0, 'break_hours': 0.0, 'actual_work_hours': 0.0, 'breaks_formatted': 'Fehler beim Berechnen', 'date_formatted': 'Unknown Date', 'time_formatted': 'Unknown Time'}, {'organizationId': '20ed1c0a-08ed-4e62-b119-2ed9e7ae68a7', 'approvalStatus': 'not_approved_yet', 'creationType': 'times', 'organizationName': 'DiploTGM', 'breaks': None, 'comment': None, 'from': '2025-09-21T08:00:00+02:00', 'id': '62ecceb0-0224-4cb7-bd87-7099f198925e', 'to': '2025-09-21T16:50:00+02:00', 'type': 'work', 'name': 'Amin Šistek', 'project': 'DiploTGM', 'total_hours': 0.0, 'break_hours': 0.0, 'actual_work_hours': 0.0, 'breaks_formatted': 'Fehler beim Berechnen', 'date_formatted': 'Unknown Date', 'time_formatted': 'Unknown Time'}, {'organizationId': '20ed1c0a-08ed-4e62-b119-2ed9e7ae68a7', 'approvalStatus': 'not_approved_yet', 'creationType': 'times', 'organizationName': 'DiploTGM', 'breaks': None, 'comment': None, 'from': '2025-09-22T08:00:00+02:00', 'id': '62ecceb0-0224-4cb7-bd87-7099f198925e', 'to': '2025-09-22T16:50:00+02:00', 'type': 'work', 'name': 'Amin Šistek', 'project': 'DiploTGM', 'total_hours': 0.0, 'break_hours': 0.0, 'actual_work_hours': 0.0, 'breaks_formatted': 'Fehler beim Berechnen', 'date_formatted': 'Unknown Date', 'time_formatted': 'Unknown Time'}, {'organizationId': '20ed1c0a-08ed-4e62-b119-2ed9e7ae68a7', 'approvalStatus': 'not_approved_yet', 'creationType': 'times', 'organizationName': 'DiploTGM', 'breaks': None, 'comment': None, 'from': '2025-09-23T08:00:00+02:00', 'id': '62ecceb0-0224-4cb7-bd87-7099f198925e', 'to': '2025-09-23T16:50:00+02:00', 'type': 'work', 'name': 'Amin Šistek', 'project': 'DiploTGM', 'total_hours': 0.0, 'break_hours': 0.0, 'actual_work_hours': 0.0, 'breaks_formatted': 'Fehler beim Berechnen', 'date_formatted': 'Unknown Date', 'time_formatted': 'Unknown Time'}, {'organizationId': '20ed1c0a-08ed-4e62-b119-2ed9e7ae68a7', 'approvalStatus': 'not_approved_yet', 'creationType': 'times', 'organizationName': 'DiploTGM', 'breaks': None, 'comment': None, 'from': '2025-09-24T08:00:00+02:00', 'id': '62ecceb0-0224-4cb7-bd87-7099f198925e', 'to': '2025-09-24T16:50:00+02:00', 'type': 'work', 'name': 'Amin Šistek', 'project': 'DiploTGM', 'total_hours': 0.0, 'break_hours': 0.0, 'actual_work_hours': 0.0, 'breaks_formatted': 'Fehler beim Berechnen', 'date_formatted': 'Unknown Date', 'time_formatted': 'Unknown Time'}, {'organizationId': '20ed1c0a-08ed-4e62-b119-2ed9e7ae68a7', 'approvalStatus': 'not_approved_yet', 'creationType': 'times', 'organizationName': 'DiploTGM', 'breaks': None, 'comment': None, 'from': '2025-09-25T08:00:00+02:00', 'id': '62ecceb0-0224-4cb7-bd87-7099f198925e', 'to': '2025-09-25T16:50:00+02:00', 'type': 'work', 'name': 'Amin Šistek', 'project': 'DiploTGM', 'total_hours': 0.0, 'break_hours': 0.0, 'actual_work_hours': 0.0, 'breaks_formatted': 'Fehler beim Berechnen', 'date_formatted': 'Unknown Date', 'time_formatted': 'Unknown Time'}], 'employee_id': '62ecceb0-0224-4cb7-bd87-7099f198925e', 'organization_id': '', 'date_range': {'from': '2025-09-01', 'to': '2025-09-25'}}}127.0.0.1 - - [25/Sep/2025 12:45:08] "POST /api/load-data HTTP/1.1" 200 -
